user_id,subscription_type,country,avg_daily_minutes,number_of_playlists,top_genre,skips_per_day,support_tickets,days_since_last_login,churned,churn_probability,predicted_churn,risk_level,engagement_score,is_premium,inactive_user
user_1,Premium,US,134.9,4,Electronic,6,0,1,0,0.03132971100450373,0,Low Risk,77.08571428571429,1,0
user_2,Premium,PK,165.7,5,Pop,8,0,12,0,0.025582107438546504,0,Low Risk,92.05555555555556,1,0
user_3,Free,DE,45.9,3,Classical,3,0,3,0,0.45014862194750466,0,Medium Risk,34.425,0,0
user_4,Premium,PK,106.0,0,Jazz,7,0,3,0,0.014062104429918825,0,Low Risk,0.0,1,0
user_5,Premium,US,89.6,5,Country,2,1,6,0,0.18054705066748283,0,Low Risk,149.33333333333334,1,0
user_6,Free,IN,17.6,0,Rock,6,2,7,1,0.44157076079840035,0,Medium Risk,0.0,0,0
user_7,Free,UK,43.7,2,Hip-Hop,1,1,0,0,0.7264467564774955,1,High Risk,43.7,0,0
user_8,Premium,BR,131.3,3,Classical,7,0,1,0,0.05145323435001956,0,Low Risk,49.237500000000004,1,0
user_9,Free,FR,41.9,5,Country,4,0,0,0,0.4487263090164447,0,Medium Risk,41.9,0,0
user_10,Free,DE,28.3,1,Electronic,6,0,10,0,0.24391346082468218,0,Low Risk,4.042857142857143,0,0
user_11,Premium,UK,126.3,1,Country,1,0,34,1,0.14008062029173202,0,Low Risk,63.15,1,1
user_12,Free,CA,65.9,2,Rock,7,0,25,1,0.36620318462849116,0,Medium Risk,16.475,0,1
user_13,Free,UK,56.5,1,Classical,0,0,17,1,0.42513528571013876,0,Medium Risk,56.5,0,0
user_14,Free,BR,38.4,0,Jazz,2,0,7,0,0.40741356542927243,0,Medium Risk,0.0,0,0
user_15,Premium,DE,129.7,4,Electronic,2,0,0,0,0.048882311254993836,0,Low Risk,172.9333333333333,1,0
user_16,Free,US,78.4,3,Country,7,0,13,0,0.1889917426336188,0,Low Risk,29.400000000000002,0,0
user_17,Free,RU,34.8,1,Electronic,5,0,4,0,0.35059835245645626,0,Medium Risk,5.8,0,0
user_18,Free,BR,89.3,1,Rock,3,0,3,0,0.13076799597054392,0,Low Risk,22.325,0,0
user_19,Premium,FR,144.4,7,Electronic,4,0,1,0,0.045897410904268014,0,Low Risk,202.16000000000003,1,0
user_20,Free,DE,90.1,3,Rock,7,0,8,1,0.13678586641457804,0,Low Risk,33.787499999999994,0,0
user_21,Free,UK,58.9,5,Rock,0,0,0,0,0.24973721669460625,0,Low Risk,294.5,0,0
user_22,Premium,UK,144.7,2,Jazz,8,0,7,0,0.023150103780229296,0,Low Risk,32.15555555555555,1,0
user_23,Premium,PK,113.4,5,Country,9,1,2,0,0.11256561671008188,0,Low Risk,56.7,1,0
user_24,Free,PK,44.5,1,Country,3,0,1,0,0.3423278067353045,0,Medium Risk,11.125,0,0
user_25,Free,AU,87.5,2,Rock,3,0,22,0,0.32593592068147825,0,Medium Risk,43.75,0,1
user_26,Premium,FR,135.4,7,Classical,5,0,22,0,0.1563708721044424,0,Low Risk,157.96666666666667,1,1
user_27,Free,FR,38.9,1,Country,3,0,17,0,0.5074638373992958,1,Medium Risk,9.725,0,0
user_28,Free,IN,16.1,0,Classical,6,2,2,0,0.5199580999022139,1,Medium Risk,0.0,0,0
user_29,Premium,RU,109.7,3,Hip-Hop,4,0,7,0,0.021919209800517418,0,Low Risk,65.82000000000001,1,0
user_30,Free,FR,72.1,0,Rock,9,0,35,0,0.32761326464427243,0,Medium Risk,0.0,0,1
user_31,Premium,UK,62.4,4,Electronic,5,0,0,0,0.040370892697431736,0,Low Risk,41.6,1,0
user_32,Premium,IN,193.9,5,Rock,4,0,2,0,0.013070799705221141,0,Low Risk,193.9,1,0
user_33,Free,PK,59.0,0,Country,8,0,2,0,0.2402728873838296,0,Low Risk,0.0,0,0
user_34,Premium,DE,142.6,3,Electronic,9,0,10,0,0.04096889421822461,0,Low Risk,42.779999999999994,1,0
user_35,Premium,BR,137.6,9,Classical,2,0,0,0,0.07300761888283035,0,Low Risk,412.79999999999995,1,0
user_36,Free,US,43.0,5,Classical,7,0,0,0,0.36998651349785744,0,Medium Risk,26.875,0,0
user_37,Free,US,13.5,2,Rock,1,0,11,1,0.23423041672788736,0,Low Risk,13.5,0,0
user_38,Free,PK,74.2,3,Rock,4,0,1,0,0.136041871289841,0,Low Risk,44.52,0,0
user_39,Premium,RU,96.5,4,Classical,7,0,16,0,0.04277407565939108,0,Low Risk,48.25,1,0
user_40,Premium,DE,83.1,7,Pop,12,0,2,0,0.032746396875968795,0,Low Risk,44.74615384615384,1,0
user_41,Premium,BR,127.8,6,Country,1,0,12,0,0.08888225469697483,0,Low Risk,383.4,1,0
user_42,Premium,UK,80.4,6,Pop,8,0,0,0,0.026305167823444966,0,Low Risk,53.6,1,0
user_43,Premium,DE,128.8,3,Rock,10,0,10,0,0.03673399021208647,0,Low Risk,35.12727272727273,1,0
user_44,Premium,FR,134.2,6,Jazz,2,0,2,0,0.04474241217735047,0,Low Risk,268.4,1,0
user_45,Premium,PK,154.8,3,Pop,7,0,10,0,0.025164453344265095,0,Low Risk,58.050000000000004,1,0
user_46,Premium,UK,132.4,3,Country,5,1,4,1,0.18622546692969977,0,Low Risk,66.2,1,0
user_47,Premium,DE,93.3,3,Country,4,0,22,1,0.09228478267127875,0,Low Risk,55.98,1,1
user_48,Free,AU,70.2,4,Hip-Hop,6,1,6,0,0.6628299897935555,1,High Risk,40.114285714285714,0,0
user_49,Free,PK,52.1,7,Electronic,6,0,3,1,0.4130679478104224,0,Medium Risk,52.1,0,0
user_50,Free,US,34.3,2,Classical,4,0,1,1,0.37166053742978655,0,Medium Risk,13.719999999999999,0,0
user_51,Free,US,53.3,3,Classical,6,0,33,0,0.6414594346183813,1,High Risk,22.842857142857138,0,1
user_52,Premium,US,117.8,4,Classical,7,0,4,0,0.019369519278134788,0,Low Risk,58.9,1,0
user_53,Premium,DE,106.6,6,Jazz,5,0,27,0,0.08690600343791942,0,Low Risk,106.59999999999998,1,1
user_54,Free,RU,22.6,3,Pop,10,0,1,0,0.15144109854465346,0,Low Risk,6.163636363636365,0,0
user_55,Premium,PK,121.7,2,Hip-Hop,6,1,11,0,0.22294135716807295,0,Low Risk,34.77142857142857,1,0
user_56,Premium,DE,136.8,3,Hip-Hop,9,0,3,0,0.03400672634594011,0,Low Risk,41.040000000000006,1,0
user_57,Free,CA,75.5,3,Country,6,1,16,1,0.6991498181413696,1,High Risk,32.357142857142854,0,0
user_58,Premium,RU,235.6,7,Pop,7,0,15,0,0.010369039418485406,0,Low Risk,206.15,1,0
user_59,Free,CA,50.5,3,Pop,2,1,8,1,0.7923738882890744,1,High Risk,50.5,0,0
user_60,Free,PK,52.9,1,Electronic,3,0,7,0,0.33655790055309237,0,Medium Risk,13.225,0,0
user_61,Premium,PK,140.6,1,Pop,3,0,1,0,0.02372320130237191,0,Low Risk,35.15,1,0
user_62,Premium,UK,152.7,8,Rock,5,0,2,0,0.026870103357404817,0,Low Risk,203.6,1,0
user_63,Premium,IN,98.1,5,Hip-Hop,5,0,7,0,0.03341163064013443,0,Low Risk,81.75,1,0
user_64,Free,FR,40.5,4,Classical,7,0,37,0,0.774384396060692,1,High Risk,20.25,0,1
user_65,Premium,UK,59.2,5,Electronic,3,0,5,0,0.08925027503148965,0,Low Risk,74.0,1,0
user_66,Free,IN,85.6,0,Electronic,9,2,1,1,0.30322578707253967,0,Medium Risk,0.0,0,0
user_67,Premium,AU,105.8,3,Classical,10,0,10,0,0.03665069730360253,0,Low Risk,28.854545454545452,1,0
user_68,Premium,IN,132.1,5,Classical,9,0,9,0,0.05736362805278315,0,Low Risk,66.05,1,0
user_69,Premium,AU,74.4,4,Rock,8,0,0,0,0.034191617882438574,0,Low Risk,33.06666666666667,1,0
user_70,Premium,US,98.8,4,Hip-Hop,10,0,1,0,0.017212770111436803,0,Low Risk,35.92727272727273,1,0
user_71,Free,PK,98.2,0,Country,4,0,5,0,0.11957001996864072,0,Low Risk,0.0,0,0
user_72,Free,DE,22.6,5,Country,8,0,0,0,0.27567193237395227,0,Low Risk,12.555555555555555,0,0
user_73,Free,AU,103.2,0,Pop,8,0,10,0,0.1126591472379429,0,Low Risk,0.0,0,0
user_74,Premium,AU,120.3,4,Country,5,0,8,0,0.08386571559065673,0,Low Risk,80.2,1,0
user_75,Free,IN,63.4,3,Country,9,0,6,0,0.21536706599476588,0,Low Risk,19.02,0,0
user_76,Free,BR,22.9,3,Rock,5,0,4,0,0.23473105451932863,0,Low Risk,11.449999999999998,0,0
user_77,Free,DE,68.4,0,Rock,4,0,18,1,0.20752736510786518,0,Low Risk,0.0,0,0
user_78,Free,UK,45.2,0,Country,3,0,11,0,0.36402042688601666,0,Medium Risk,0.0,0,0
user_79,Free,PK,87.0,2,Hip-Hop,7,1,3,1,0.4432668465726507,0,Medium Risk,21.75,0,0
user_80,Premium,IN,138.9,6,Classical,2,2,16,1,0.23888221051844483,0,Low Risk,277.8,1,0
user_81,Free,AU,59.4,2,Hip-Hop,8,0,4,1,0.3243130701233993,0,Medium Risk,13.2,0,0
user_82,Premium,PK,102.3,8,Pop,3,0,14,0,0.04145800639451802,0,Low Risk,204.6,1,0
user_83,Free,AU,99.2,2,Pop,7,0,4,0,0.12310806880704932,0,Low Risk,24.8,0,0
user_84,Premium,DE,110.7,4,Hip-Hop,3,0,29,0,0.08320204748292306,0,Low Risk,110.7,1,1
user_85,Premium,RU,122.9,6,Hip-Hop,2,0,3,0,0.05109477463656058,0,Low Risk,245.80000000000004,1,0
user_86,Premium,PK,182.8,7,Hip-Hop,1,0,13,0,0.02425578146733558,0,Low Risk,639.8000000000001,1,0
user_87,Premium,PK,138.7,6,Rock,4,0,0,0,0.030851433679352145,0,Low Risk,166.44,1,0
user_88,Free,IN,33.1,0,Classical,10,0,21,1,0.5755197281701087,1,Medium Risk,0.0,0,1
user_89,Premium,FR,95.2,4,Hip-Hop,6,0,9,0,0.03478895806174962,0,Low Risk,54.4,1,0
user_90,Premium,CA,103.1,4,Jazz,5,0,17,0,0.04146290404903552,0,Low Risk,68.73333333333333,1,0
user_91,Premium,IN,105.9,5,Electronic,0,0,16,0,0.035466282260303815,0,Low Risk,529.5,1,0
user_92,Premium,CA,77.8,3,Pop,9,1,0,0,0.14003411670973298,0,Low Risk,23.339999999999996,1,0
user_93,Premium,DE,129.3,7,Country,7,0,1,0,0.06174908534698861,0,Low Risk,113.13750000000002,1,0
user_94,Free,BR,55.2,1,Classical,4,1,6,1,0.7986491171878156,1,High Risk,11.040000000000001,0,0
user_95,Premium,RU,129.7,3,Rock,6,0,32,0,0.09536345281695102,0,Low Risk,55.58571428571428,1,1
user_96,Free,IN,106.0,0,Electronic,2,0,20,0,0.16800248027622075,0,Low Risk,0.0,0,0
user_97,Premium,UK,126.7,5,Country,5,0,34,1,0.16410514488471545,0,Low Risk,105.58333333333333,1,1
user_98,Premium,PK,96.8,9,Jazz,6,0,11,0,0.04601310613901368,0,Low Risk,124.45714285714284,1,0
user_99,Premium,BR,184.6,3,Rock,7,1,0,0,0.07605601053464389,0,Low Risk,69.225,1,0
user_100,Premium,RU,125.5,4,Hip-Hop,7,2,9,0,0.15201027370280681,0,Low Risk,62.75,1,0
user_101,Premium,PK,94.8,3,Jazz,0,1,8,0,0.13940432744290518,0,Low Risk,284.4,1,0
user_102,Premium,BR,104.2,1,Jazz,6,0,16,0,0.03139931476205019,0,Low Risk,14.885714285714286,1,0
user_103,Premium,PK,93.0,5,Jazz,1,0,26,0,0.08585499872531023,0,Low Risk,232.5,1,1
user_104,Free,FR,114.9,1,Rock,4,0,16,1,0.10842069590256709,0,Low Risk,22.98,0,0
user_105,Premium,IN,68.6,7,Rock,4,0,5,0,0.04955441072958623,0,Low Risk,96.03999999999999,1,0
user_106,Premium,UK,157.1,4,Jazz,4,0,20,0,0.03717043765251847,0,Low Risk,125.67999999999999,1,0
user_107,Premium,DE,120.2,5,Country,3,0,5,0,0.07467227303028488,0,Low Risk,150.25,1,0
user_108,Premium,US,138.7,2,Country,6,1,11,0,0.17735210193334158,0,Low Risk,39.628571428571426,1,0
user_109,Premium,CA,74.0,7,Hip-Hop,5,0,7,0,0.06728018712837346,0,Low Risk,86.33333333333333,1,0
user_110,Premium,AU,97.5,5,Classical,9,0,19,0,0.06652946253462784,0,Low Risk,48.75,1,0
user_111,Premium,DE,181.8,8,Jazz,4,0,1,0,0.024316105804075793,0,Low Risk,290.88,1,0
user_112,Free,CA,89.1,4,Electronic,7,0,2,0,0.17230106010480917,0,Low Risk,44.55,0,0
user_113,Free,BR,91.8,0,Rock,1,2,23,1,0.6040037305740965,1,High Risk,0.0,0,1
user_114,Premium,RU,58.8,5,Classical,0,0,15,1,0.13372620447730563,0,Low Risk,294.0,1,0
user_115,Premium,BR,168.9,2,Rock,0,0,6,0,0.020990903059390793,0,Low Risk,337.8,1,0
user_116,Free,CA,58.3,1,Hip-Hop,6,0,3,1,0.29615191210226943,0,Low Risk,8.328571428571427,0,0
user_117,Premium,AU,80.9,6,Hip-Hop,6,1,2,0,0.2382053296241092,0,Low Risk,69.34285714285714,1,0
user_118,Premium,US,91.8,6,Hip-Hop,4,0,6,0,0.03248869495730107,0,Low Risk,110.16,1,0
user_119,Premium,US,90.4,6,Country,3,0,1,0,0.03372955451109875,0,Low Risk,135.60000000000002,1,0
user_120,Premium,RU,96.2,2,Rock,4,0,4,0,0.018443730474757378,0,Low Risk,38.480000000000004,1,0
user_121,Free,DE,118.9,2,Jazz,2,0,20,0,0.15307330074181552,0,Low Risk,79.26666666666667,0,0
user_122,Free,RU,66.4,3,Electronic,3,0,13,0,0.25305827149920684,0,Low Risk,49.800000000000004,0,0
user_123,Free,FR,44.1,0,Pop,4,0,9,0,0.326683413825935,0,Medium Risk,0.0,0,0
user_124,Premium,AU,50.9,3,Jazz,0,1,13,1,0.4857380854702767,0,Medium Risk,152.7,1,0
user_125,Premium,DE,137.3,5,Pop,14,0,1,0,0.02715138847170391,0,Low Risk,45.766666666666666,1,0
user_126,Premium,UK,153.6,8,Country,0,2,2,0,0.07176630113769883,0,Low Risk,1228.8,1,0
user_127,Free,AU,37.3,0,Electronic,3,0,1,0,0.4061050481272402,0,Medium Risk,0.0,0,0
user_128,Free,AU,27.6,2,Country,7,0,11,0,0.3100416487320598,0,Medium Risk,6.9,0,0
user_129,Free,BR,59.8,4,Electronic,5,0,8,1,0.4263662815302917,0,Medium Risk,39.86666666666667,0,0
user_130,Premium,FR,94.2,4,Classical,9,1,1,0,0.1551862472019676,0,Low Risk,37.68,1,0
user_131,Premium,AU,93.7,2,Country,7,0,4,0,0.035477556113439265,0,Low Risk,23.425,1,0
user_132,Premium,UK,177.3,5,Hip-Hop,5,1,2,0,0.09449195090766148,0,Low Risk,147.75,1,0
user_133,Premium,RU,100.5,4,Electronic,3,0,1,0,0.025349595054504997,0,Low Risk,100.5,1,0
user_134,Premium,IN,94.1,0,Jazz,7,0,40,0,0.07883322707623444,0,Low Risk,0.0,1,1
user_135,Free,RU,52.8,0,Electronic,3,1,1,1,0.6781581695673188,1,High Risk,0.0,0,0
user_136,Premium,DE,142.7,6,Pop,5,0,8,0,0.04503030637112733,0,Low Risk,142.7,1,0
user_137,Premium,DE,69.9,6,Electronic,3,0,3,0,0.06317817766247326,0,Low Risk,104.85000000000001,1,0
user_138,Premium,US,137.1,5,Pop,0,0,2,0,0.021627255466128363,0,Low Risk,685.5,1,0
user_139,Free,RU,67.8,0,Hip-Hop,6,0,1,0,0.1273462967910563,0,Low Risk,0.0,0,0
user_140,Premium,PK,70.2,10,Hip-Hop,0,0,0,0,0.04733587614146793,0,Low Risk,702.0,1,0
user_141,Free,DE,34.2,1,Pop,8,0,2,1,0.3104077276300244,0,Medium Risk,3.8000000000000003,0,0
user_142,Premium,IN,102.7,7,Rock,7,0,9,0,0.02957918009342932,0,Low Risk,89.8625,1,0
user_143,Premium,PK,45.9,3,Classical,6,0,17,1,0.14517703328975562,0,Low Risk,19.67142857142857,1,0
user_144,Free,DE,53.9,2,Hip-Hop,5,0,1,1,0.31479996398238735,0,Medium Risk,17.966666666666665,0,0
user_145,Premium,FR,122.6,4,Pop,8,2,1,0,0.1259401330154576,0,Low Risk,54.48888888888889,1,0
user_146,Premium,IN,127.6,3,Electronic,6,1,1,0,0.192333371274391,0,Low Risk,54.685714285714276,1,0
user_147,Premium,RU,131.8,4,Hip-Hop,5,0,4,0,0.03825533848565545,0,Low Risk,87.86666666666667,1,0
user_148,Free,US,122.3,1,Hip-Hop,7,1,16,1,0.5816667815698898,1,Medium Risk,15.2875,0,0
user_149,Premium,AU,58.9,2,Jazz,0,0,13,0,0.11923534214389987,0,Low Risk,117.8,1,0
user_150,Free,IN,49.5,0,Country,5,0,22,1,0.5530325613487299,1,Medium Risk,0.0,0,1
user_151,Premium,UK,144.9,0,Classical,5,0,1,0,0.02465747605678461,0,Low Risk,0.0,1,0
user_152,Premium,DE,143.1,5,Country,6,0,4,0,0.0476816611826661,0,Low Risk,102.21428571428571,1,0
user_153,Premium,RU,130.2,4,Jazz,6,0,22,0,0.08865139632123632,0,Low Risk,74.39999999999999,1,1
user_154,Premium,UK,188.1,4,Country,6,0,3,0,0.016200928610722608,0,Low Risk,107.48571428571428,1,0
user_155,Premium,IN,144.9,3,Rock,5,0,14,0,0.034647612874655176,0,Low Risk,72.45,1,0
user_156,Free,BR,45.7,1,Electronic,7,0,17,1,0.4614677872454461,0,Medium Risk,5.7125,0,0
user_157,Free,FR,51.9,0,Electronic,3,1,2,1,0.7213971265126411,1,High Risk,0.0,0,0
user_158,Free,FR,71.3,3,Country,7,0,10,0,0.23787979996558486,0,Low Risk,26.737499999999997,0,0
user_159,Premium,DE,132.4,8,Jazz,2,0,2,0,0.054625897783852344,0,Low Risk,353.06666666666666,1,0
user_160,Free,FR,22.7,2,Country,7,0,5,1,0.2461495745155729,0,Low Risk,5.675,0,0
user_161,Premium,RU,139.6,4,Electronic,5,1,7,0,0.19150414409245864,0,Low Risk,93.06666666666666,1,0
user_162,Premium,BR,86.2,4,Electronic,5,0,20,0,0.07093081669054056,0,Low Risk,57.46666666666667,1,0
user_163,Free,PK,63.3,3,Jazz,6,0,12,0,0.22011945283765133,0,Low Risk,27.128571428571426,0,0
user_164,Premium,CA,126.7,5,Classical,1,0,9,0,0.08130094432434899,0,Low Risk,316.75,1,0
user_165,Premium,RU,167.8,3,Classical,2,2,41,0,0.3226995582998126,0,Medium Risk,167.8,1,1
user_166,Premium,FR,116.2,10,Classical,6,0,5,0,0.045130576721002735,0,Low Risk,166.0,1,0
user_167,Premium,BR,115.3,4,Hip-Hop,1,0,7,0,0.03002674376960756,0,Low Risk,230.6,1,0
user_168,Premium,BR,70.4,4,Pop,6,0,4,0,0.04485522963458258,0,Low Risk,40.228571428571435,1,0
user_169,Free,UK,49.9,5,Country,4,0,1,0,0.37202488411600304,0,Medium Risk,49.9,0,0
user_170,Premium,AU,74.9,4,Country,1,0,5,0,0.06718435536626367,0,Low Risk,149.8,1,0
user_171,Free,FR,53.1,3,Hip-Hop,10,0,0,0,0.27734467084988107,0,Low Risk,14.481818181818182,0,0
user_172,Premium,US,153.8,2,Electronic,6,1,32,0,0.31326949408169513,0,Medium Risk,43.94285714285714,1,1
user_173,Free,PK,51.9,0,Hip-Hop,12,0,0,0,0.19530291613930745,0,Low Risk,0.0,0,0
user_174,Premium,US,121.8,3,Rock,7,0,22,1,0.07106299145732484,0,Low Risk,45.675,1,1
user_175,Free,BR,42.8,0,Pop,4,0,8,0,0.3608780508102618,0,Medium Risk,0.0,0,0
user_176,Premium,IN,103.7,7,Hip-Hop,0,0,5,0,0.025547140838211232,0,Low Risk,725.9,1,0
user_177,Free,UK,97.4,0,Jazz,3,1,19,0,0.475164550449049,0,Medium Risk,0.0,0,0
user_178,Free,FR,48.9,1,Classical,6,0,3,0,0.35370757626180194,0,Medium Risk,6.985714285714286,0,0
user_179,Premium,BR,86.7,8,Rock,7,0,0,0,0.039366698606104866,0,Low Risk,86.7,1,0
user_180,Free,RU,98.1,0,Classical,2,0,11,1,0.15333140743899693,0,Low Risk,0.0,0,0
user_181,Free,AU,44.3,2,Hip-Hop,1,1,1,1,0.8065688041597268,1,High Risk,44.3,0,0
user_182,Premium,FR,141.4,6,Electronic,2,0,19,0,0.07427611353408288,0,Low Risk,282.8,1,0
user_183,Premium,BR,109.2,7,Country,1,0,3,0,0.03985985113765335,0,Low Risk,382.2,1,0
user_184,Free,PK,78.5,0,Country,10,0,22,0,0.2698847742830711,0,Low Risk,0.0,0,1
user_185,Free,DE,44.3,4,Electronic,2,0,8,1,0.48750086609347343,0,Medium Risk,59.06666666666666,0,0
user_186,Premium,AU,77.7,6,Pop,0,0,5,0,0.04773798260701823,0,Low Risk,466.20000000000005,1,0
user_187,Premium,AU,57.5,8,Jazz,5,2,14,0,0.4474750297385363,0,Medium Risk,76.66666666666667,1,0
user_188,Premium,IN,117.1,6,Jazz,4,2,16,1,0.11357315761814478,0,Low Risk,140.51999999999998,1,0
user_189,Premium,CA,109.1,4,Country,5,0,10,0,0.038068855886401104,0,Low Risk,72.73333333333333,1,0
user_190,Free,BR,8.7,0,Pop,3,0,18,1,0.3400646585355663,0,Medium Risk,0.0,0,0
user_191,Premium,IN,120.6,5,Pop,3,0,0,0,0.04400478563237483,0,Low Risk,150.75,1,0
user_192,Free,AU,36.7,0,Electronic,6,0,8,1,0.4293925768855662,0,Medium Risk,0.0,0,0
user_193,Premium,PK,150.9,5,Jazz,5,2,9,0,0.1183463570633588,0,Low Risk,125.75,1,0
user_194,Premium,BR,149.5,2,Country,6,0,24,0,0.09966920838134592,0,Low Risk,42.714285714285715,1,1
user_195,Free,FR,4.8,0,Rock,3,0,1,0,0.20538160234491193,0,Low Risk,0.0,0,0
user_196,Free,UK,60.8,1,Jazz,5,0,9,0,0.17273050387656577,0,Low Risk,10.133333333333333,0,0
user_197,Free,CA,41.7,0,Country,2,0,12,1,0.4731993259036614,0,Medium Risk,0.0,0,0
user_198,Premium,DE,79.4,6,Classical,0,0,6,0,0.05783671121741014,0,Low Risk,476.40000000000003,1,0
user_199,Free,IN,74.8,2,Pop,2,0,0,0,0.14428276336072995,0,Low Risk,49.86666666666667,0,0
user_200,Premium,BR,141.0,6,Classical,0,0,0,0,0.040359359773805156,0,Low Risk,846.0,1,0
user_201,Free,FR,136.8,1,Electronic,8,0,1,0,0.1418966160945031,0,Low Risk,15.200000000000001,0,0
user_202,Premium,PK,98.9,5,Rock,3,0,6,0,0.02573548011518036,0,Low Risk,123.625,1,0
user_203,Premium,FR,101.2,8,Electronic,7,2,16,0,0.18271819091244346,0,Low Risk,101.2,1,0
user_204,Premium,FR,103.1,2,Rock,7,2,8,0,0.06926639077948973,0,Low Risk,25.775,1,0
user_205,Free,AU,38.2,1,Classical,4,0,2,1,0.45869383749507936,0,Medium Risk,7.640000000000001,0,0
user_206,Premium,US,138.6,7,Country,5,0,13,0,0.058275020154862384,0,Low Risk,161.7,1,0
user_207,Premium,US,136.8,7,Classical,7,0,2,0,0.044638995161914864,0,Low Risk,119.70000000000002,1,0
user_208,Premium,DE,133.8,1,Classical,4,1,43,1,0.5827607765604373,1,Medium Risk,26.76,1,1
user_209,Free,FR,72.9,2,Electronic,5,0,24,0,0.3955509769394826,0,Medium Risk,24.3,0,1
user_210,Premium,IN,81.7,5,Electronic,4,0,35,0,0.15273208362859894,0,Low Risk,81.7,1,1
user_211,Free,BR,58.8,3,Pop,5,0,3,0,0.32201020852753154,0,Medium Risk,29.399999999999995,0,0
user_212,Free,FR,60.9,0,Hip-Hop,6,0,1,1,0.16051709860133478,0,Low Risk,0.0,0,0
user_213,Free,PK,66.7,1,Hip-Hop,8,0,0,0,0.13296657601935918,0,Low Risk,7.411111111111111,0,0
user_214,Premium,FR,93.2,5,Country,0,1,15,0,0.23035159194977428,0,Low Risk,466.0,1,0
user_215,Free,CA,91.0,0,Country,5,0,2,0,0.14175058657146833,0,Low Risk,0.0,0,0
user_216,Free,DE,86.7,3,Country,5,0,16,0,0.24961963478295923,0,Low Risk,43.35,0,0
user_217,Free,PK,44.5,4,Hip-Hop,11,0,20,1,0.4338939488138847,0,Medium Risk,14.833333333333334,0,0
user_218,Free,UK,49.1,0,Jazz,0,0,13,0,0.34211169827298377,0,Medium Risk,0.0,0,0
user_219,Free,AU,47.4,1,Country,0,0,3,1,0.4455140339306511,0,Medium Risk,47.4,0,0
user_220,Premium,BR,92.4,1,Pop,1,0,11,0,0.03610630320134063,0,Low Risk,46.2,1,0
user_221,Free,RU,89.5,1,Rock,4,0,9,0,0.11138533579000888,0,Low Risk,17.9,0,0
user_222,Premium,FR,140.2,7,Electronic,9,0,7,0,0.05167118663012957,0,Low Risk,98.13999999999999,1,0
user_223,Premium,FR,100.9,3,Jazz,3,0,15,0,0.03573831445687268,0,Low Risk,75.67500000000001,1,0
user_224,Premium,AU,103.3,4,Jazz,4,0,34,0,0.11282314043475031,0,Low Risk,82.64,1,1
user_225,Premium,PK,162.6,3,Jazz,2,0,16,0,0.032281090377686825,0,Low Risk,162.6,1,0
user_226,Premium,UK,134.1,3,Country,2,0,7,0,0.04363496299748212,0,Low Risk,134.1,1,0
user_227,Premium,US,166.4,8,Electronic,3,0,21,0,0.07022127348005322,0,Low Risk,332.8,1,1
user_228,Premium,CA,108.4,6,Pop,8,2,8,0,0.10117262770818305,0,Low Risk,72.26666666666668,1,0
user_229,Premium,CA,114.7,3,Pop,0,0,12,0,0.024918177128837326,0,Low Risk,344.1,1,0
user_230,Free,BR,38.1,0,Pop,4,0,2,0,0.3363373828753671,0,Medium Risk,0.0,0,0
user_231,Premium,US,104.5,5,Pop,4,0,6,0,0.021125570936265124,0,Low Risk,104.5,1,0
user_232,Free,RU,95.7,4,Rock,6,0,4,0,0.10494084462007457,0,Low Risk,54.68571428571429,0,0
user_233,Free,DE,80.5,5,Country,6,1,15,1,0.7021598805844851,1,High Risk,57.5,0,0
user_234,Free,RU,49.2,3,Pop,6,0,20,0,0.392817134116022,0,Medium Risk,21.08571428571429,0,0
user_235,Premium,PK,144.6,6,Hip-Hop,8,0,9,0,0.04087455712165565,0,Low Risk,96.39999999999999,1,0
user_236,Premium,IN,155.1,3,Pop,6,0,21,0,0.05670843938307221,0,Low Risk,66.47142857142856,1,1
user_237,Premium,US,115.0,5,Rock,8,0,1,0,0.012600098211636976,0,Low Risk,63.888888888888886,1,0
user_238,Premium,UK,95.5,5,Electronic,6,0,7,0,0.030994736192145485,0,Low Risk,68.21428571428571,1,0
user_239,Free,RU,65.7,2,Pop,0,0,10,0,0.19393048274325175,0,Low Risk,131.4,0,0
user_240,Premium,PK,142.4,7,Hip-Hop,5,0,1,0,0.039300015864596145,0,Low Risk,166.13333333333335,1,0
user_241,Free,BR,67.5,5,Country,4,0,10,0,0.34244537384345775,0,Medium Risk,67.5,0,0
user_242,Premium,BR,128.4,5,Pop,6,1,0,0,0.21140746120136836,0,Low Risk,91.71428571428571,1,0
user_243,Free,IN,92.2,0,Hip-Hop,5,0,4,0,0.11222933548359988,0,Low Risk,0.0,0,0
user_244,Premium,AU,99.0,4,Classical,5,0,20,0,0.07045224079129234,0,Low Risk,66.0,1,0
user_245,Premium,UK,103.2,5,Country,9,0,11,0,0.029861110701012685,0,Low Risk,51.6,1,0
user_246,Premium,PK,118.0,1,Electronic,3,1,58,0,0.4488636975461619,0,Medium Risk,29.5,1,1
user_247,Premium,AU,76.6,0,Hip-Hop,6,1,11,0,0.20446379813721324,0,Low Risk,0.0,1,0
user_248,Premium,CA,104.9,7,Jazz,8,0,3,0,0.03126528057749526,0,Low Risk,81.5888888888889,1,0
user_249,Premium,BR,139.5,4,Pop,10,0,5,0,0.03491404354560092,0,Low Risk,50.72727272727273,1,0
user_250,Premium,CA,87.9,6,Country,4,0,2,0,0.05091303434332552,0,Low Risk,105.48000000000002,1,0
user_251,Premium,PK,82.5,7,Hip-Hop,4,0,34,0,0.15266812143978445,0,Low Risk,115.5,1,1
user_252,Premium,AU,153.5,5,Country,4,1,14,1,0.28800448480043545,0,Low Risk,153.5,1,0
user_253,Free,FR,77.1,2,Hip-Hop,6,0,1,0,0.15062983915095338,0,Low Risk,22.02857142857143,0,0
user_254,Free,BR,99.9,4,Rock,6,1,6,1,0.4796816192793757,0,Medium Risk,57.08571428571429,0,0
user_255,Premium,UK,99.7,8,Country,4,0,0,0,0.03416459269939803,0,Low Risk,159.52,1,0
user_256,Premium,PK,77.1,1,Country,6,1,15,0,0.20905964389956774,0,Low Risk,11.014285714285714,1,0
user_257,Premium,US,106.6,1,Classical,3,1,9,0,0.12433260009711462,0,Low Risk,26.65,1,0
user_258,Free,IN,98.2,4,Hip-Hop,1,0,19,1,0.2131507174343952,0,Low Risk,196.4,0,0
user_259,Free,US,31.0,1,Rock,4,1,9,1,0.7272237673656476,1,High Risk,6.2,0,0
user_260,Premium,IN,85.2,6,Electronic,10,0,0,0,0.03285688630928275,0,Low Risk,46.472727272727276,1,0
user_261,Premium,DE,126.3,0,Jazz,4,0,0,0,0.032327847586798644,0,Low Risk,0.0,1,0
user_262,Free,CA,39.5,1,Country,2,1,1,1,0.8066073265215221,1,High Risk,13.166666666666666,0,0
user_263,Premium,IN,173.9,6,Rock,3,0,1,0,0.018816089307344446,0,Low Risk,260.85,1,0
user_264,Free,BR,77.2,2,Electronic,2,0,12,0,0.2653760452476196,0,Low Risk,51.46666666666667,0,0
user_265,Premium,DE,121.8,3,Country,7,0,12,0,0.06854793782815831,0,Low Risk,45.675,1,0
user_266,Free,RU,71.8,0,Jazz,8,0,16,1,0.15574770462072526,0,Low Risk,0.0,0,0
user_267,Free,RU,99.5,2,Pop,11,0,7,0,0.0820107389508035,0,Low Risk,16.583333333333332,0,0
user_268,Free,IN,39.3,1,Country,5,0,0,1,0.3479981667718658,0,Medium Risk,6.55,0,0
user_269,Free,AU,40.5,1,Rock,4,0,37,1,0.6994627887593099,1,High Risk,8.1,0,1
user_270,Free,PK,72.7,0,Country,3,0,15,0,0.22284380056915348,0,Low Risk,0.0,0,0
user_271,Free,US,59.3,6,Jazz,10,0,2,0,0.2582338545469855,0,Low Risk,32.345454545454544,0,0
user_272,Premium,RU,133.1,2,Jazz,6,0,11,0,0.03539728519520001,0,Low Risk,38.028571428571425,1,0
user_273,Premium,UK,112.3,1,Jazz,6,0,13,0,0.017538823536591235,0,Low Risk,16.04285714285714,1,0
user_274,Premium,RU,139.4,1,Jazz,2,1,4,0,0.14085681966180835,0,Low Risk,46.46666666666667,1,0
user_275,Free,UK,66.7,4,Rock,10,0,6,0,0.13910809976728006,0,Low Risk,24.254545454545454,0,0
user_276,Free,FR,46.2,0,Electronic,3,0,8,1,0.3721069914074535,0,Medium Risk,0.0,0,0
user_277,Free,PK,104.3,4,Electronic,3,0,12,0,0.16768127585511824,0,Low Risk,104.3,0,0
user_278,Premium,CA,131.9,5,Hip-Hop,4,0,6,0,0.05778296783396182,0,Low Risk,131.9,1,0
user_279,Premium,DE,136.3,4,Pop,7,0,4,0,0.0357333674405564,0,Low Risk,68.15,1,0
user_280,Premium,UK,34.5,2,Rock,5,2,4,0,0.21907934185800762,0,Low Risk,11.5,1,0
user_281,Premium,RU,81.2,7,Country,3,0,35,0,0.17518637578210008,0,Low Risk,142.1,1,1
user_282,Premium,RU,130.4,1,Hip-Hop,4,1,0,0,0.14415504950025998,0,Low Risk,26.080000000000002,1,0
user_283,Free,UK,62.3,0,Jazz,7,0,5,0,0.13166982113270456,0,Low Risk,0.0,0,0
user_284,Free,US,45.2,3,Hip-Hop,0,0,12,1,0.3969120110998106,0,Medium Risk,135.60000000000002,0,0
user_285,Premium,US,109.5,4,Hip-Hop,4,1,18,1,0.14914488292968273,0,Low Risk,87.6,1,0
user_286,Premium,UK,182.3,5,Classical,8,0,20,0,0.032141247512077385,0,Low Risk,101.27777777777777,1,0
user_287,Premium,US,112.2,4,Jazz,4,1,7,0,0.10034589161398381,0,Low Risk,89.76,1,0
user_288,Free,RU,58.9,1,Jazz,1,0,27,0,0.5325536457494715,1,Medium Risk,29.45,0,1
user_289,Premium,CA,122.4,1,Electronic,7,0,6,0,0.047709971544098125,0,Low Risk,15.3,1,0
user_290,Free,BR,70.4,0,Jazz,13,0,10,0,0.14962723684962265,0,Low Risk,0.0,0,0
user_291,Free,FR,93.2,0,Jazz,6,0,35,1,0.3148394680582939,0,Medium Risk,0.0,0,1
user_292,Premium,CA,88.4,5,Pop,3,0,5,0,0.0392169648128289,0,Low Risk,110.5,1,0
user_293,Free,FR,54.3,2,Electronic,7,1,28,0,0.8955617097205706,1,High Risk,13.575,0,1
user_294,Premium,IN,134.9,4,Hip-Hop,11,0,9,0,0.038034173089994884,0,Low Risk,44.96666666666667,1,0
user_295,Premium,FR,126.0,7,Electronic,8,0,2,0,0.0575562425185181,0,Low Risk,98.0,1,0
user_296,Premium,UK,155.6,2,Hip-Hop,9,0,10,0,0.02208835889892596,0,Low Risk,31.119999999999997,1,0
user_297,Free,IN,69.1,0,Electronic,4,0,20,0,0.24923590027287193,0,Low Risk,0.0,0,0
user_298,Premium,PK,129.9,5,Pop,9,0,13,0,0.04456850293066897,0,Low Risk,64.95,1,0
user_299,Free,CA,52.7,3,Hip-Hop,8,0,16,1,0.43133738430308016,0,Medium Risk,17.56666666666667,0,0
user_300,Premium,BR,83.2,6,Rock,6,0,5,0,0.04184124468097714,0,Low Risk,71.31428571428572,1,0
user_301,Free,UK,55.5,2,Classical,4,0,3,0,0.3204818706045599,0,Medium Risk,22.2,0,0
user_302,Premium,US,120.5,2,Electronic,0,0,11,0,0.04818916238887759,0,Low Risk,241.0,1,0
user_303,Free,AU,30.3,0,Rock,3,0,2,0,0.3694269133169634,0,Medium Risk,0.0,0,0
user_304,Premium,IN,80.3,5,Electronic,2,0,11,0,0.05697987769189063,0,Low Risk,133.83333333333334,1,0
user_305,Premium,DE,99.4,9,Jazz,7,0,7,0,0.044612054115404344,0,Low Risk,111.825,1,0
user_306,Premium,DE,110.3,4,Classical,4,0,4,0,0.03287927077263106,0,Low Risk,88.24,1,0
user_307,Premium,DE,78.3,1,Hip-Hop,8,0,9,0,0.03401202351200434,0,Low Risk,8.7,1,0
user_308,Premium,FR,193.2,6,Country,6,0,12,0,0.027971437196591415,0,Low Risk,165.59999999999997,1,0
user_309,Premium,DE,142.8,5,Country,5,0,0,0,0.04381554679338203,0,Low Risk,119.0,1,0
user_310,Free,BR,58.1,1,Country,6,0,1,0,0.32700245680321194,0,Medium Risk,8.3,0,0
user_311,Premium,PK,69.2,4,Country,2,0,16,1,0.07417078005730551,0,Low Risk,92.26666666666667,1,0
user_312,Free,BR,26.9,0,Classical,6,0,9,0,0.2728719448844824,0,Low Risk,0.0,0,0
user_313,Premium,DE,90.3,6,Country,2,0,1,0,0.046274321097953534,0,Low Risk,180.6,1,0
user_314,Free,US,53.3,0,Jazz,6,0,7,1,0.22997794692055568,0,Low Risk,0.0,0,0
user_315,Premium,CA,102.0,5,Rock,0,0,32,0,0.07972637323695063,0,Low Risk,510.0,1,1
user_316,Premium,CA,133.2,7,Country,4,0,7,0,0.07718429609178709,0,Low Risk,186.47999999999996,1,0
user_317,Premium,BR,123.8,4,Electronic,5,1,17,0,0.36448849230605895,0,Medium Risk,82.53333333333333,1,0
user_318,Premium,RU,136.3,4,Pop,6,1,2,1,0.1429616278254438,0,Low Risk,77.88571428571429,1,0
user_319,Free,IN,17.9,5,Classical,1,1,15,0,0.823994339296349,1,High Risk,44.75,0,0
user_320,Premium,FR,99.2,6,Rock,3,0,5,0,0.02979908308891713,0,Low Risk,148.8,1,0
user_321,Premium,RU,99.8,5,Jazz,2,0,8,0,0.02968440564260815,0,Low Risk,166.33333333333334,1,0
user_322,Premium,PK,184.4,6,Pop,2,0,19,0,0.026574939728163344,0,Low Risk,368.8,1,0
user_323,Premium,FR,114.4,4,Jazz,5,0,9,0,0.024711998673805646,0,Low Risk,76.26666666666667,1,0
user_324,Premium,IN,115.6,1,Electronic,5,0,4,0,0.01794547432332071,0,Low Risk,19.266666666666666,1,0
user_325,Free,PK,57.4,7,Classical,2,0,5,0,0.4684618392991779,0,Medium Risk,133.93333333333334,0,0
user_326,Premium,AU,169.2,6,Country,8,0,47,0,0.18166069774872073,0,Low Risk,112.8,1,1
user_327,Premium,FR,137.1,8,Electronic,3,0,0,0,0.05373326124960581,0,Low Risk,274.2,1,0
user_328,Free,UK,53.9,0,Country,2,0,4,0,0.29620311965730867,0,Low Risk,0.0,0,0
user_329,Free,CA,61.0,0,Classical,5,0,21,0,0.43773299862549553,0,Medium Risk,0.0,0,1
user_330,Premium,BR,73.3,5,Electronic,11,0,3,0,0.046700001032206714,0,Low Risk,30.541666666666668,1,0
user_331,Free,BR,96.8,0,Pop,10,0,6,1,0.09775264787829042,0,Low Risk,0.0,0,0
user_332,Free,US,72.6,2,Hip-Hop,2,1,31,1,0.7863057359439783,1,High Risk,48.4,0,1
user_333,Premium,PK,136.2,3,Jazz,5,0,1,0,0.02967062093611747,0,Low Risk,68.1,1,0
user_334,Free,CA,17.6,5,Country,4,0,4,0,0.3663440781849067,0,Medium Risk,17.6,0,0
user_335,Free,UK,92.7,3,Country,1,0,48,0,0.5057265218233512,1,Medium Risk,139.05,0,1
user_336,Premium,AU,110.5,5,Hip-Hop,7,2,18,0,0.1527929946597122,0,Low Risk,69.0625,1,0
user_337,Premium,PK,189.6,5,Hip-Hop,5,1,1,0,0.08432880787479755,0,Low Risk,158.0,1,0
user_338,Free,RU,50.7,3,Country,6,0,12,1,0.3995611397319501,0,Medium Risk,21.72857142857143,0,0
user_339,Free,CA,36.4,0,Electronic,0,0,5,0,0.44374155019904177,0,Medium Risk,0.0,0,0
user_340,Premium,IN,135.2,9,Electronic,1,0,7,0,0.058700728217791036,0,Low Risk,608.4,1,0
user_341,Premium,CA,119.8,6,Classical,5,2,4,0,0.1161270339069604,0,Low Risk,119.8,1,0
user_342,Premium,US,117.0,6,Pop,6,0,3,0,0.01621614035156012,0,Low Risk,100.28571428571429,1,0
user_343,Premium,IN,114.8,3,Pop,6,0,4,0,0.016628894567806005,0,Low Risk,49.199999999999996,1,0
user_344,Premium,US,93.0,5,Rock,5,0,17,0,0.03185382261930626,0,Low Risk,77.5,1,0
user_345,Free,AU,59.2,3,Classical,9,0,1,1,0.3664990579475208,0,Medium Risk,17.76,0,0
user_346,Premium,CA,136.7,0,Hip-Hop,5,0,1,0,0.03086294109964122,0,Low Risk,0.0,1,0
user_347,Free,CA,41.7,1,Jazz,5,0,33,1,0.6688992587605778,1,High Risk,6.95,0,1
user_348,Premium,US,135.9,1,Electronic,3,0,7,0,0.03228705971707268,0,Low Risk,33.975,1,0
user_349,Premium,UK,91.8,4,Hip-Hop,1,0,9,0,0.032859741036740116,0,Low Risk,183.6,1,0
user_350,Free,RU,78.0,0,Hip-Hop,6,0,0,0,0.10758339499231186,0,Low Risk,0.0,0,0
user_351,Free,IN,53.6,4,Country,5,0,41,1,0.7487371386083396,1,High Risk,35.733333333333334,0,1
user_352,Premium,UK,109.9,3,Country,3,0,1,0,0.020602582510846033,0,Low Risk,82.42500000000001,1,0
user_353,Free,CA,41.6,1,Electronic,3,0,7,0,0.4297393307763556,0,Medium Risk,10.4,0,0
user_354,Premium,IN,125.1,1,Electronic,7,0,9,0,0.04281866085894313,0,Low Risk,15.6375,1,0
user_355,Free,CA,98.2,3,Classical,0,0,4,0,0.17986991104141178,0,Low Risk,294.6,0,0
user_356,Premium,DE,113.3,7,Country,4,0,13,0,0.04785546602943433,0,Low Risk,158.62,1,0
user_357,Premium,BR,102.7,0,Country,3,2,7,1,0.10909231766834496,0,Low Risk,0.0,1,0
user_358,Premium,UK,131.8,3,Hip-Hop,4,0,7,0,0.037797169625755696,0,Low Risk,79.08000000000001,1,0
user_359,Premium,AU,155.9,4,Country,4,0,1,0,0.040728584199824114,0,Low Risk,124.72,1,0
user_360,Free,CA,32.0,4,Electronic,2,0,6,0,0.5375639564663912,1,Medium Risk,42.666666666666664,0,0
user_361,Premium,IN,78.8,1,Country,9,0,22,0,0.07351790139422068,0,Low Risk,7.88,1,1
user_362,Free,IN,53.7,4,Jazz,1,0,5,0,0.3675770217248561,0,Medium Risk,107.4,0,0
user_363,Premium,PK,140.3,4,Rock,11,0,10,0,0.027599753381500815,0,Low Risk,46.76666666666667,1,0
user_364,Premium,DE,101.8,5,Hip-Hop,7,1,9,0,0.17118408714349798,0,Low Risk,63.625,1,0
user_365,Free,UK,61.0,0,Hip-Hop,6,0,7,0,0.15587923929386047,0,Low Risk,0.0,0,0
user_366,Free,FR,39.7,1,Classical,5,0,0,0,0.3760016197619416,0,Medium Risk,6.616666666666667,0,0
user_367,Free,RU,49.0,2,Rock,0,0,4,0,0.288514348851908,0,Low Risk,98.0,0,0
user_368,Premium,CA,90.9,6,Country,8,1,2,1,0.20472562988400794,0,Low Risk,60.60000000000001,1,0
user_369,Premium,UK,155.6,6,Pop,7,1,9,0,0.14034736158378625,0,Low Risk,116.69999999999999,1,0
user_370,Free,DE,37.3,0,Country,3,0,1,0,0.3851289735743084,0,Medium Risk,0.0,0,0
user_371,Free,PK,99.8,3,Hip-Hop,6,0,0,0,0.10494411883478649,0,Low Risk,42.771428571428565,0,0
user_372,Free,AU,125.0,4,Hip-Hop,10,0,13,0,0.28499957128608794,0,Low Risk,45.45454545454545,0,0
user_373,Free,AU,76.1,4,Jazz,3,0,26,1,0.47335538956044504,0,Medium Risk,76.1,0,1
user_374,Free,CA,34.8,0,Electronic,1,2,5,1,0.7455255588569887,1,High Risk,0.0,0,0
user_375,Free,CA,121.7,0,Classical,4,0,21,1,0.45258101028083975,0,Medium Risk,0.0,0,1
user_376,Premium,FR,111.7,2,Jazz,7,0,16,1,0.025024599523353185,0,Low Risk,27.925,1,0
user_377,Free,AU,55.0,2,Country,4,0,18,1,0.5172011208155854,1,Medium Risk,22.0,0,0
user_378,Premium,IN,168.2,6,Country,7,0,10,0,0.03632775889940731,0,Low Risk,126.14999999999999,1,0
user_379,Free,IN,65.4,0,Jazz,6,2,17,1,0.48763428888166965,0,Medium Risk,0.0,0,0
user_380,Premium,BR,100.5,5,Pop,0,0,18,0,0.041454362649053,0,Low Risk,502.5,1,0
user_381,Premium,DE,129.3,8,Rock,5,0,3,0,0.052385765200149696,0,Low Risk,172.4,1,0
user_382,Free,RU,138.1,5,Country,6,0,20,0,0.284981463996097,0,Low Risk,98.64285714285714,0,0
user_383,Premium,UK,158.7,6,Jazz,4,0,0,0,0.023149480298416382,0,Low Risk,190.44,1,0
user_384,Free,AU,23.3,3,Hip-Hop,2,0,48,1,0.724420085609072,1,High Risk,23.3,0,1
user_385,Premium,CA,113.7,3,Classical,3,0,8,0,0.03508194993858298,0,Low Risk,85.275,1,0
user_386,Premium,PK,137.7,6,Hip-Hop,9,1,2,0,0.17604340940334787,0,Low Risk,82.61999999999999,1,0
user_387,Premium,IN,155.9,3,Pop,4,0,14,0,0.03222574008002944,0,Low Risk,93.54,1,0
user_388,Free,CA,60.4,0,Country,1,0,1,0,0.2348931156482419,0,Low Risk,0.0,0,0
user_389,Premium,US,141.7,4,Pop,10,0,21,0,0.053532339567067704,0,Low Risk,51.527272727272724,1,1
user_390,Premium,PK,108.0,1,Jazz,9,0,5,0,0.01455880836978068,0,Low Risk,10.8,1,0
user_391,Free,RU,14.2,4,Hip-Hop,3,0,10,0,0.3136063338187407,0,Medium Risk,14.2,0,0
user_392,Premium,FR,196.7,5,Classical,2,0,8,0,0.023733303557885402,0,Low Risk,327.8333333333333,1,0
user_393,Premium,RU,181.8,7,Hip-Hop,8,0,3,0,0.019534461235502596,0,Low Risk,141.4,1,0
user_394,Free,UK,77.8,1,Jazz,8,0,0,0,0.09688139258114996,0,Low Risk,8.644444444444444,0,0
user_395,Premium,US,114.9,4,Classical,7,0,15,0,0.02809475833462059,0,Low Risk,57.45,1,0
user_396,Premium,RU,148.7,0,Classical,7,0,1,0,0.022580071209574042,0,Low Risk,0.0,1,0
user_397,Premium,PK,98.5,1,Electronic,4,0,9,0,0.026771213123759848,0,Low Risk,19.7,1,0
user_398,Free,DE,56.3,2,Pop,6,0,5,0,0.2927102524631072,0,Low Risk,16.085714285714285,0,0
user_399,Free,BR,96.6,3,Hip-Hop,4,0,18,0,0.23042955430273707,0,Low Risk,57.959999999999994,0,0
user_400,Free,PK,31.2,4,Country,0,0,8,0,0.5244885257667387,1,Medium Risk,124.8,0,0
user_401,Premium,US,105.3,2,Electronic,5,0,3,0,0.01798869303059091,0,Low Risk,35.1,1,0
user_402,Free,BR,6.9,4,Classical,4,0,18,0,0.5210393331776207,1,Medium Risk,5.5200000000000005,0,0
user_403,Premium,PK,135.4,3,Hip-Hop,1,0,1,0,0.03405348606599903,0,Low Risk,203.10000000000002,1,0
user_404,Premium,FR,33.8,5,Classical,3,0,6,0,0.1819917316492671,0,Low Risk,42.25,1,0
user_405,Free,FR,109.8,1,Rock,3,1,9,0,0.3883470509125348,0,Medium Risk,27.45,0,0
user_406,Premium,DE,134.1,5,Electronic,3,0,10,0,0.06461662568028056,0,Low Risk,167.625,1,0
user_407,Free,FR,57.0,1,Hip-Hop,2,0,23,0,0.559931793662262,1,Medium Risk,19.0,0,1
user_408,Free,AU,35.2,0,Country,2,0,14,0,0.5407845912724434,1,Medium Risk,0.0,0,0
user_409,Free,US,104.8,1,Hip-Hop,4,2,0,1,0.23830409481397505,0,Low Risk,20.96,0,0
user_410,Premium,FR,97.6,5,Electronic,1,0,5,0,0.037081962555997786,0,Low Risk,244.0,1,0
user_411,Premium,PK,142.1,4,Electronic,5,0,27,1,0.10533608277401545,0,Low Risk,94.73333333333333,1,1
user_412,Premium,DE,135.5,4,Rock,3,0,3,0,0.03645148695459575,0,Low Risk,135.5,1,0
user_413,Free,DE,83.8,0,Pop,5,0,6,0,0.12841590740079115,0,Low Risk,0.0,0,0
user_414,Premium,IN,79.3,5,Pop,6,2,4,0,0.11807166602819107,0,Low Risk,56.642857142857146,1,0
user_415,Free,BR,38.0,0,Jazz,5,0,7,0,0.37882036470885444,0,Medium Risk,0.0,0,0
user_416,Free,FR,94.5,1,Electronic,5,0,12,0,0.16139637595306547,0,Low Risk,15.75,0,0
user_417,Premium,DE,95.2,5,Classical,1,0,1,0,0.041725996768186516,0,Low Risk,238.0,1,0
user_418,Free,IN,98.2,1,Jazz,11,1,5,1,0.349855028342924,0,Medium Risk,8.183333333333334,0,0
user_419,Premium,AU,138.6,9,Country,5,0,16,0,0.1143528997428337,0,Low Risk,207.89999999999998,1,0
user_420,Premium,FR,98.2,3,Pop,4,0,15,0,0.033747185339747784,0,Low Risk,58.92,1,0
user_421,Free,CA,40.6,0,Hip-Hop,3,0,14,0,0.44548417824565917,0,Medium Risk,0.0,0,0
user_422,Premium,IN,91.4,2,Country,5,0,21,0,0.07487353810864653,0,Low Risk,30.46666666666667,1,1
user_423,Premium,CA,111.2,1,Rock,7,0,7,0,0.017035865565447863,0,Low Risk,13.9,1,0
user_424,Premium,US,117.7,3,Electronic,4,0,10,0,0.02041076069375109,0,Low Risk,70.62,1,0
user_425,Premium,DE,107.2,7,Rock,5,0,3,0,0.027088991747485764,0,Low Risk,125.06666666666666,1,0
user_426,Premium,AU,76.9,5,Classical,9,0,10,0,0.07034549056234511,0,Low Risk,38.45,1,0
user_427,Free,IN,46.6,4,Jazz,5,0,1,1,0.34142919183904674,0,Medium Risk,31.066666666666666,0,0
user_428,Free,DE,85.6,3,Jazz,6,0,3,0,0.1498363926220646,0,Low Risk,36.685714285714276,0,0
user_429,Free,RU,50.0,1,Pop,2,0,5,1,0.28297297158060225,0,Low Risk,16.666666666666668,0,0
user_430,Free,UK,72.7,0,Jazz,5,0,21,0,0.25865204893168003,0,Low Risk,0.0,0,1
user_431,Premium,FR,120.7,7,Electronic,4,0,41,0,0.2705496661901242,0,Low Risk,168.98,1,1
user_432,Free,RU,73.6,4,Rock,9,0,1,1,0.1200874375753641,0,Low Risk,29.439999999999998,0,0
user_433,Free,RU,54.4,3,Hip-Hop,8,0,12,0,0.3330721892340225,0,Medium Risk,18.133333333333333,0,0
user_434,Premium,PK,197.7,3,Country,6,0,19,0,0.02310448412139077,0,Low Risk,84.72857142857141,1,0
user_435,Free,RU,65.1,4,Country,1,0,6,0,0.252702743523452,0,Low Risk,130.2,0,0
user_436,Premium,CA,154.2,4,Pop,8,1,4,1,0.13952152334704557,0,Low Risk,68.53333333333333,1,0
user_437,Premium,PK,158.9,4,Rock,2,0,12,0,0.02783884812109917,0,Low Risk,211.86666666666667,1,0
user_438,Free,PK,44.9,0,Jazz,3,0,4,1,0.29329315699114417,0,Low Risk,0.0,0,0
user_439,Premium,UK,168.5,4,Classical,8,0,4,0,0.022967701626592535,0,Low Risk,74.88888888888889,1,0
user_440,Free,AU,105.6,1,Jazz,8,0,38,0,0.34046367715898407,0,Medium Risk,11.733333333333333,0,1
user_441,Premium,FR,92.9,5,Electronic,1,0,11,0,0.04783977927546219,0,Low Risk,232.25,1,0
user_442,Free,DE,95.6,1,Classical,6,0,18,0,0.21049804635334604,0,Low Risk,13.657142857142857,0,0
user_443,Premium,PK,146.1,2,Pop,5,1,3,1,0.11994255682186193,0,Low Risk,48.699999999999996,1,0
user_444,Premium,US,178.2,7,Hip-Hop,1,0,27,0,0.051273273201857525,0,Low Risk,623.6999999999999,1,1
user_445,Premium,AU,130.5,5,Hip-Hop,6,2,3,0,0.18436460923220518,0,Low Risk,93.21428571428571,1,0
user_446,Premium,AU,153.3,5,Jazz,6,0,8,0,0.04312657519998407,0,Low Risk,109.5,1,0
user_447,Premium,IN,116.0,3,Electronic,8,1,7,1,0.10763772565426287,0,Low Risk,38.666666666666664,1,0
user_448,Premium,AU,116.4,5,Classical,4,0,1,0,0.03450916972862284,0,Low Risk,116.4,1,0
user_449,Premium,US,103.9,4,Hip-Hop,5,0,3,0,0.020197423435136558,0,Low Risk,69.26666666666667,1,0
user_450,Premium,AU,125.7,4,Country,7,0,24,0,0.16345976455646563,0,Low Risk,62.85,1,1
user_451,Free,DE,82.2,3,Electronic,2,0,17,1,0.2730222509585499,0,Low Risk,82.2,0,0
user_452,Premium,RU,152.6,6,Country,3,1,1,0,0.1702197086595233,0,Low Risk,228.89999999999998,1,0
user_453,Free,UK,71.0,5,Pop,4,0,0,0,0.1562770789485907,0,Low Risk,71.0,0,0
user_454,Premium,US,109.5,1,Rock,4,0,9,0,0.014412138841050913,0,Low Risk,21.9,1,0
user_455,Free,DE,28.4,0,Country,7,1,22,1,0.7926792842783174,1,High Risk,0.0,0,1
user_456,Premium,FR,171.3,6,Rock,3,1,0,0,0.10528580398562598,0,Low Risk,256.95000000000005,1,0
user_457,Free,RU,62.1,4,Country,2,0,0,0,0.22762922982075512,0,Low Risk,82.8,0,0
user_458,Free,IN,67.2,2,Electronic,6,0,17,0,0.2562234167407102,0,Low Risk,19.2,0,0
user_459,Free,PK,65.7,4,Classical,0,1,3,0,0.6504706085833245,1,High Risk,262.8,0,0
user_460,Premium,AU,140.3,7,Classical,3,0,9,0,0.08643650961194713,0,Low Risk,245.52500000000003,1,0
user_461,Premium,AU,115.9,6,Country,9,0,8,0,0.037075038262988844,0,Low Risk,69.54,1,0
user_462,Premium,FR,159.4,2,Jazz,7,0,7,0,0.023594894416943367,0,Low Risk,39.85,1,0
user_463,Free,DE,52.6,0,Hip-Hop,11,1,30,1,0.8654354465418824,1,High Risk,0.0,0,1
user_464,Premium,US,114.7,7,Classical,6,0,7,0,0.02955237716473566,0,Low Risk,114.7,1,0
user_465,Premium,AU,101.3,5,Rock,2,0,6,0,0.03408930124608863,0,Low Risk,168.83333333333334,1,0
user_466,Free,BR,20.4,1,Country,0,0,2,0,0.30375495275383163,0,Medium Risk,20.4,0,0
user_467,Premium,US,74.9,6,Hip-Hop,5,0,0,0,0.03480835420884797,0,Low Risk,74.9,1,0
user_468,Free,UK,16.3,4,Rock,3,1,8,1,0.6439179900412072,1,High Risk,16.3,0,0
user_469,Premium,DE,63.7,5,Jazz,4,0,0,0,0.04999787798238603,0,Low Risk,63.7,1,0
user_470,Free,US,80.1,0,Rock,5,1,4,0,0.3617358767346014,0,Medium Risk,0.0,0,0
user_471,Free,BR,92.3,2,Rock,10,0,49,0,0.42349432947970317,0,Medium Risk,16.78181818181818,0,1
user_472,Free,DE,58.2,1,Classical,3,0,5,1,0.37406300377437046,0,Medium Risk,14.55,0,0
user_473,Premium,CA,65.9,1,Hip-Hop,5,0,9,0,0.04866252474409942,0,Low Risk,10.983333333333334,1,0
user_474,Premium,UK,135.3,6,Country,3,2,31,0,0.39303096278431243,0,Medium Risk,202.95000000000002,1,1
user_475,Premium,DE,105.5,5,Hip-Hop,9,0,1,0,0.02412690283565306,0,Low Risk,52.75,1,0
user_476,Premium,IN,146.9,3,Pop,0,0,4,0,0.024489648488338667,0,Low Risk,440.70000000000005,1,0
user_477,Premium,AU,113.7,3,Hip-Hop,4,0,0,0,0.02415539792197154,0,Low Risk,68.22,1,0
user_478,Free,DE,62.3,3,Jazz,4,0,11,0,0.260681024592846,0,Low Risk,37.379999999999995,0,0
user_479,Free,BR,27.3,4,Electronic,4,0,10,0,0.34497483014160313,0,Medium Risk,21.84,0,0
user_480,Free,CA,60.6,2,Rock,7,0,20,0,0.2605697882438073,0,Low Risk,15.15,0,0
user_481,Free,PK,41.6,2,Electronic,1,2,0,1,0.6822675434907365,1,High Risk,41.6,0,0
user_482,Premium,UK,123.3,1,Country,3,0,6,0,0.04303044135155593,0,Low Risk,30.825,1,0
user_483,Premium,DE,103.5,5,Pop,5,0,4,0,0.026997016938839134,0,Low Risk,86.25,1,0
user_484,Premium,CA,89.2,6,Pop,8,0,18,0,0.052884133642331625,0,Low Risk,59.46666666666667,1,0
user_485,Premium,BR,100.6,8,Electronic,1,0,3,0,0.045750397645502566,0,Low Risk,402.4,1,0
user_486,Premium,US,147.6,4,Pop,9,0,16,0,0.029067236680062326,0,Low Risk,59.04,1,0
user_487,Premium,US,128.7,5,Classical,4,1,3,0,0.2246890269675557,0,Low Risk,128.7,1,0
user_488,Premium,IN,144.3,1,Pop,8,1,9,0,0.12711024413533123,0,Low Risk,16.033333333333335,1,0
user_489,Free,RU,91.0,4,Classical,1,0,5,0,0.18363389220285584,0,Low Risk,182.0,0,0
user_490,Premium,UK,107.7,3,Hip-Hop,3,2,0,0,0.06382146727079617,0,Low Risk,80.775,1,0
user_491,Free,DE,99.3,4,Hip-Hop,3,0,5,0,0.1619241534883005,0,Low Risk,99.3,0,0
user_492,Premium,US,113.7,7,Pop,1,0,9,0,0.021677383019210822,0,Low Risk,397.95,1,0
user_493,Premium,US,83.0,3,Electronic,4,0,11,0,0.03637727476514328,0,Low Risk,49.8,1,0
user_494,Premium,CA,128.4,4,Classical,1,2,0,0,0.18903602537414305,0,Low Risk,256.8,1,0
user_495,Premium,US,136.4,5,Rock,3,0,0,0,0.02575611118602567,0,Low Risk,170.5,1,0
user_496,Premium,BR,116.7,2,Hip-Hop,3,0,0,0,0.02086186896013936,0,Low Risk,58.35,1,0
user_497,Premium,PK,112.2,8,Classical,6,0,1,0,0.032769399285068716,0,Low Risk,128.22857142857143,1,0
user_498,Premium,US,111.1,4,Rock,5,0,21,0,0.03743783512157712,0,Low Risk,74.06666666666666,1,1
user_499,Premium,AU,155.2,5,Pop,4,0,4,0,0.036312581217122934,0,Low Risk,155.2,1,0
user_500,Premium,AU,133.4,6,Electronic,0,1,1,0,0.2095011986828744,0,Low Risk,800.4000000000001,1,0
user_501,Premium,IN,172.0,9,Country,6,2,5,0,0.12878978364314994,0,Low Risk,221.14285714285714,1,0
user_502,Premium,CA,135.0,2,Pop,2,0,2,0,0.03599262379219883,0,Low Risk,90.0,1,0
user_503,Free,RU,55.0,1,Country,0,0,8,0,0.3612325495315491,0,Medium Risk,55.0,0,0
user_504,Premium,CA,142.4,4,Pop,1,0,9,0,0.04254673180263809,0,Low Risk,284.8,1,0
user_505,Premium,DE,44.1,4,Hip-Hop,8,0,9,0,0.11585829392848827,0,Low Risk,19.6,1,0
user_506,Free,RU,118.8,1,Electronic,1,0,0,0,0.081317369749463,0,Low Risk,59.4,0,0
user_507,Free,DE,139.3,0,Electronic,5,0,7,0,0.1731738407339973,0,Low Risk,0.0,0,0
user_508,Free,IN,74.0,1,Electronic,5,0,15,0,0.2167221101090995,0,Low Risk,12.333333333333334,0,0
user_509,Free,FR,78.6,1,Jazz,6,0,6,0,0.14610875980012533,0,Low Risk,11.228571428571428,0,0
user_510,Free,IN,59.1,2,Jazz,8,0,4,0,0.2549682359754349,0,Low Risk,13.133333333333333,0,0
user_511,Premium,US,92.8,3,Pop,3,0,7,0,0.02301354099591797,0,Low Risk,69.6,1,0
user_512,Premium,CA,161.2,10,Country,4,0,20,0,0.08758975247340209,0,Low Risk,322.4,1,0
user_513,Free,UK,58.4,2,Electronic,6,1,8,0,0.7055617681894135,1,High Risk,16.685714285714287,0,0
user_514,Premium,RU,139.4,7,Classical,4,0,22,0,0.13022923402038133,0,Low Risk,195.16000000000003,1,1
user_515,Free,FR,77.8,0,Hip-Hop,6,0,0,1,0.12444773752182117,0,Low Risk,0.0,0,0
user_516,Premium,AU,125.8,8,Hip-Hop,4,0,12,0,0.1028476148385458,0,Low Risk,201.28,1,0
user_517,Free,DE,36.8,2,Electronic,2,0,16,1,0.5353138251323121,1,Medium Risk,24.53333333333333,0,0
user_518,Free,UK,18.6,0,Rock,2,0,31,0,0.39993796346828586,0,Medium Risk,0.0,0,1
user_519,Free,RU,88.6,3,Jazz,7,1,13,1,0.5030935997119675,1,Medium Risk,33.224999999999994,0,0
user_520,Free,RU,75.5,2,Rock,3,0,14,0,0.17084191402463325,0,Low Risk,37.75,0,0
user_521,Premium,BR,155.7,6,Hip-Hop,6,0,0,0,0.036226800299592125,0,Low Risk,133.45714285714286,1,0
user_522,Free,BR,92.1,0,Classical,4,0,5,0,0.17402492639249348,0,Low Risk,0.0,0,0
user_523,Free,AU,39.7,1,Hip-Hop,2,0,16,1,0.523440567935669,1,Medium Risk,13.233333333333334,0,0
user_524,Premium,PK,110.8,5,Rock,6,0,3,0,0.017959482327749184,0,Low Risk,79.14285714285714,1,0
user_525,Premium,BR,120.0,3,Electronic,6,0,0,0,0.020872335092011918,0,Low Risk,51.42857142857143,1,0
user_526,Premium,UK,148.1,4,Country,2,1,3,0,0.16296359806615235,0,Low Risk,197.46666666666667,1,0
user_527,Premium,IN,96.9,3,Electronic,7,0,3,0,0.025626423137362235,0,Low Risk,36.337500000000006,1,0
user_528,Free,AU,54.2,0,Country,4,0,10,0,0.4154785936870451,0,Medium Risk,0.0,0,0
user_529,Premium,RU,121.8,5,Jazz,9,0,1,0,0.03631627004608597,0,Low Risk,60.9,1,0
user_530,Premium,AU,80.7,5,Classical,8,0,5,0,0.059732351717715536,0,Low Risk,44.833333333333336,1,0
user_531,Premium,PK,174.0,7,Classical,5,0,2,0,0.03008595581473519,0,Low Risk,203.0,1,0
user_532,Premium,CA,105.3,6,Rock,6,0,16,1,0.038606667302859575,0,Low Risk,90.25714285714285,1,0
user_533,Premium,AU,151.8,10,Country,6,0,3,0,0.06913797144803985,0,Low Risk,216.85714285714286,1,0
user_534,Free,UK,44.7,0,Hip-Hop,4,0,1,0,0.26050938437549964,0,Low Risk,0.0,0,0
user_535,Premium,RU,104.3,5,Rock,2,0,0,0,0.01880598826445693,0,Low Risk,173.83333333333334,1,0
user_536,Premium,RU,153.6,3,Electronic,5,0,3,0,0.02622800397276027,0,Low Risk,76.8,1,0
user_537,Free,UK,50.2,2,Hip-Hop,7,0,3,0,0.26744245340127454,0,Low Risk,12.55,0,0
user_538,Free,IN,34.0,1,Hip-Hop,2,0,3,0,0.3825628900201654,0,Medium Risk,11.333333333333334,0,0
user_539,Free,BR,45.7,3,Hip-Hop,5,0,5,0,0.4196010173313682,0,Medium Risk,22.850000000000005,0,0
user_540,Premium,CA,125.8,4,Pop,7,0,33,0,0.14628733569378174,0,Low Risk,62.9,1,1
user_541,Free,CA,68.0,0,Electronic,0,0,10,0,0.2574752010550584,0,Low Risk,0.0,0,0
user_542,Premium,DE,116.0,6,Classical,2,0,10,0,0.042031196687367926,0,Low Risk,232.0,1,0
user_543,Premium,BR,122.7,5,Rock,3,0,15,0,0.07469087395031808,0,Low Risk,153.375,1,0
user_544,Free,AU,50.5,1,Jazz,5,0,4,0,0.3460213821268601,0,Medium Risk,8.416666666666666,0,0
user_545,Free,RU,60.0,3,Jazz,0,0,2,0,0.2772539041521658,0,Low Risk,180.0,0,0
user_546,Free,UK,98.2,0,Classical,0,0,0,0,0.11774772914543145,0,Low Risk,0.0,0,0
user_547,Free,CA,46.4,4,Rock,5,0,2,1,0.3522022897119253,0,Medium Risk,30.933333333333334,0,0
user_548,Premium,PK,129.0,4,Electronic,11,0,21,0,0.08912251088707936,0,Low Risk,43.0,1,1
user_549,Free,UK,80.1,0,Hip-Hop,0,0,1,0,0.12787750718746616,0,Low Risk,0.0,0,0
user_550,Free,FR,84.5,4,Classical,7,0,3,0,0.1939161473359473,0,Low Risk,42.25,0,0
user_551,Free,DE,24.3,5,Hip-Hop,2,0,22,1,0.5458310633242184,1,Medium Risk,40.5,0,1
user_552,Free,AU,79.2,0,Jazz,0,0,0,0,0.17093040688763553,0,Low Risk,0.0,0,0
user_553,Premium,BR,121.2,2,Electronic,7,0,0,0,0.04668691381326092,0,Low Risk,30.3,1,0
user_554,Premium,IN,104.6,1,Classical,1,0,0,0,0.025036008747796972,0,Low Risk,52.3,1,0
user_555,Free,BR,53.1,0,Classical,0,0,7,1,0.44351814191873107,0,Medium Risk,0.0,0,0
user_556,Free,IN,54.3,1,Rock,5,1,6,0,0.6667285494049177,1,High Risk,9.049999999999999,0,0
user_557,Premium,BR,120.7,6,Jazz,1,0,14,0,0.08639397940423893,0,Low Risk,362.1,1,0
user_558,Premium,BR,153.4,5,Rock,9,0,37,1,0.10969895851997484,0,Low Risk,76.7,1,1
user_559,Premium,FR,140.2,6,Pop,3,0,0,0,0.03613103978687729,0,Low Risk,210.29999999999998,1,0
user_560,Free,BR,42.8,3,Classical,2,0,7,0,0.5282161033617987,1,Medium Risk,42.79999999999999,0,0
user_561,Premium,UK,82.8,2,Classical,5,0,18,0,0.048229173981457665,0,Low Risk,27.599999999999998,1,0
user_562,Premium,CA,121.5,6,Classical,7,1,6,1,0.3423354875744325,0,Medium Risk,91.125,1,0
user_563,Premium,PK,72.0,3,Rock,4,2,13,1,0.13549845345825828,0,Low Risk,43.2,1,0
user_564,Premium,DE,70.7,3,Hip-Hop,4,1,31,1,0.48834881681499503,0,Medium Risk,42.42,1,1
user_565,Free,UK,60.6,2,Jazz,1,1,2,1,0.5488822433225496,1,Medium Risk,60.6,0,0
user_566,Premium,DE,101.5,5,Country,2,0,15,0,0.053817805012583486,0,Low Risk,169.16666666666666,1,0
user_567,Premium,RU,86.7,5,Electronic,6,0,4,0,0.03436268676478736,0,Low Risk,61.92857142857143,1,0
user_568,Premium,DE,154.2,2,Country,7,0,4,0,0.0306004666926075,0,Low Risk,38.55,1,0
user_569,Free,PK,53.0,2,Rock,7,0,12,0,0.29052695487329994,0,Low Risk,13.25,0,0
user_570,Free,FR,57.7,0,Country,4,0,31,0,0.6113247002416221,1,High Risk,0.0,0,1
user_571,Premium,IN,71.8,5,Country,11,0,0,0,0.03824672353771726,0,Low Risk,29.916666666666668,1,0
user_572,Premium,IN,120.2,6,Electronic,3,1,6,0,0.2999485191798553,0,Low Risk,180.3,1,0
user_573,Premium,DE,53.6,8,Country,0,1,0,1,0.4579623058657324,0,Medium Risk,428.8,1,0
user_574,Free,FR,52.0,2,Electronic,6,0,2,0,0.32365901414818554,0,Medium Risk,14.857142857142858,0,0
user_575,Premium,UK,72.1,5,Jazz,11,0,0,0,0.02627559866553505,0,Low Risk,30.041666666666668,1,0
user_576,Premium,CA,79.1,5,Jazz,5,2,2,0,0.14201099028573994,0,Low Risk,65.91666666666667,1,0
user_577,Free,UK,72.8,2,Electronic,3,2,6,0,0.44527772669413357,0,Medium Risk,36.4,0,0
user_578,Premium,UK,134.6,3,Country,7,0,10,0,0.041296472698840535,0,Low Risk,50.474999999999994,1,0
user_579,Premium,DE,91.3,5,Jazz,9,0,6,0,0.03253319067948317,0,Low Risk,45.65,1,0
user_580,Free,RU,70.7,3,Rock,4,0,2,0,0.1400144395187907,0,Low Risk,42.42,0,0
user_581,Free,US,22.5,3,Pop,7,0,13,0,0.20736534177283847,0,Low Risk,8.4375,0,0
user_582,Premium,UK,106.4,4,Country,2,0,0,0,0.023089277875376565,0,Low Risk,141.86666666666667,1,0
user_583,Premium,AU,183.0,4,Rock,3,2,5,0,0.0742997531787842,0,Low Risk,183.0,1,0
user_584,Premium,FR,100.6,2,Rock,0,1,14,0,0.14194145725927176,0,Low Risk,201.2,1,0
user_585,Free,CA,4.0,4,Hip-Hop,2,0,8,0,0.4098325505509222,0,Medium Risk,5.333333333333333,0,0
user_586,Premium,US,143.7,7,Jazz,1,0,2,0,0.028360619873935646,0,Low Risk,502.94999999999993,1,0
user_587,Premium,AU,120.4,3,Electronic,3,0,30,1,0.19867557878511,0,Low Risk,90.30000000000001,1,1
user_588,Free,UK,80.6,0,Rock,10,0,8,0,0.08648871131390475,0,Low Risk,0.0,0,0
user_589,Premium,US,168.5,5,Electronic,2,0,22,1,0.05742811905644599,0,Low Risk,280.8333333333333,1,1
user_590,Premium,IN,80.1,7,Jazz,3,0,6,0,0.04965506796106203,0,Low Risk,140.17499999999998,1,0
user_591,Premium,UK,76.5,4,Pop,1,0,4,0,0.03182998633096772,0,Low Risk,153.0,1,0
user_592,Free,IN,70.9,1,Electronic,6,2,0,1,0.39798087153161316,0,Medium Risk,10.12857142857143,0,0
user_593,Premium,US,41.9,5,Classical,6,0,4,0,0.11141119003874102,0,Low Risk,29.928571428571427,1,0
user_594,Premium,IN,132.1,7,Jazz,7,0,10,0,0.056094958783152384,0,Low Risk,115.58749999999999,1,0
user_595,Free,UK,6.6,2,Rock,3,0,1,0,0.1976192065506913,0,Low Risk,3.3,0,0
user_596,Free,AU,57.6,3,Hip-Hop,0,0,0,1,0.3718491524625011,0,Medium Risk,172.8,0,0
user_597,Premium,DE,87.4,2,Classical,7,0,13,0,0.04667679712776431,0,Low Risk,21.85,1,0
user_598,Free,US,25.5,1,Country,8,1,3,0,0.5285639083204438,1,Medium Risk,2.8333333333333335,0,0
user_599,Free,RU,95.8,0,Classical,3,0,4,0,0.12707857615261908,0,Low Risk,0.0,0,0
user_600,Premium,DE,133.9,7,Jazz,0,0,10,0,0.04176267254570466,0,Low Risk,937.3000000000001,1,0
user_601,Premium,UK,122.6,3,Classical,2,1,15,1,0.3029345483118365,0,Medium Risk,122.59999999999998,1,0
user_602,Free,CA,75.7,3,Rock,5,0,0,0,0.1513997455167358,0,Low Risk,37.85,0,0
user_603,Premium,PK,139.5,1,Electronic,8,0,14,0,0.03633805938687424,0,Low Risk,15.5,1,0
user_604,Premium,UK,90.1,5,Pop,2,0,7,0,0.029922955744058358,0,Low Risk,150.16666666666666,1,0
user_605,Free,US,78.2,1,Country,6,0,12,0,0.16454458647301948,0,Low Risk,11.171428571428573,0,0
user_606,Premium,AU,146.6,6,Jazz,4,0,11,0,0.058693309373482654,0,Low Risk,175.92,1,0
user_607,Premium,RU,140.0,5,Rock,7,0,2,0,0.026072304895673606,0,Low Risk,87.5,1,0
user_608,Premium,DE,101.5,2,Country,1,0,38,0,0.1256116040859147,0,Low Risk,101.5,1,1
user_609,Premium,UK,133.2,6,Hip-Hop,6,0,29,0,0.12133268252120902,0,Low Risk,114.17142857142856,1,1
user_610,Premium,US,170.2,0,Rock,4,0,1,0,0.010656555322960538,0,Low Risk,0.0,1,0
user_611,Premium,RU,140.9,6,Pop,4,0,18,0,0.05128526781349358,0,Low Risk,169.08,1,0
user_612,Premium,UK,117.9,4,Pop,6,0,2,0,0.013830663154848072,0,Low Risk,67.37142857142858,1,0
user_613,Free,CA,86.7,3,Classical,6,0,0,0,0.18308057385256027,0,Low Risk,37.15714285714286,0,0
user_614,Free,CA,61.5,5,Rock,5,0,19,0,0.32386010414271155,0,Medium Risk,51.25,0,0
user_615,Premium,UK,134.8,3,Country,0,1,1,0,0.15778989710059046,0,Low Risk,404.40000000000003,1,0
user_616,Premium,PK,152.9,2,Pop,1,0,20,0,0.03736219255819795,0,Low Risk,152.9,1,0
user_617,Premium,BR,151.8,6,Jazz,7,0,8,0,0.04409505115333883,0,Low Risk,113.85000000000001,1,0
user_618,Premium,IN,79.0,5,Hip-Hop,3,0,3,0,0.04247501031576835,0,Low Risk,98.75,1,0
user_619,Premium,UK,89.1,2,Rock,0,0,13,0,0.026824865733320817,0,Low Risk,178.2,1,0
user_620,Premium,US,153.4,3,Rock,4,0,15,0,0.026072777050352852,0,Low Risk,92.04,1,0
user_621,Premium,IN,103.9,1,Country,1,0,0,0,0.02355522649736427,0,Low Risk,51.95,1,0
user_622,Premium,AU,157.1,6,Rock,4,0,10,0,0.04193474940573374,0,Low Risk,188.51999999999998,1,0
user_623,Premium,FR,153.5,7,Country,3,0,13,0,0.059924234700111684,0,Low Risk,268.625,1,0
user_624,Premium,US,80.2,4,Rock,3,0,3,0,0.025213674089357076,0,Low Risk,80.2,1,0
user_625,Free,AU,70.3,1,Pop,5,1,1,0,0.5357608585488426,1,Medium Risk,11.716666666666667,0,0
user_626,Premium,FR,97.2,8,Hip-Hop,3,0,12,0,0.05430458495780884,0,Low Risk,194.4,1,0
user_627,Free,FR,4.6,0,Classical,0,0,2,0,0.3207184411749412,0,Medium Risk,0.0,0,0
user_628,Free,CA,40.5,0,Classical,4,2,3,0,0.7202693134601239,1,High Risk,0.0,0,0
user_629,Premium,PK,126.2,5,Country,2,0,0,0,0.05055415708811022,0,Low Risk,210.33333333333334,1,0
user_630,Premium,US,125.3,4,Rock,5,0,0,0,0.027411406243812532,0,Low Risk,83.53333333333333,1,0
user_631,Premium,US,170.2,7,Hip-Hop,1,0,0,0,0.017713706198156657,0,Low Risk,595.6999999999999,1,0
user_632,Premium,FR,144.9,7,Pop,8,0,9,0,0.042509403676014024,0,Low Risk,112.7,1,0
user_633,Premium,US,86.3,3,Rock,8,0,29,1,0.05727029583756612,0,Low Risk,28.766666666666666,1,1
user_634,Premium,PK,128.1,4,Jazz,5,0,8,0,0.04467436824113983,0,Low Risk,85.39999999999999,1,0
user_635,Premium,UK,151.4,7,Classical,4,0,8,0,0.04706222381009194,0,Low Risk,211.95999999999998,1,0
user_636,Premium,UK,118.7,4,Classical,0,0,31,0,0.06358954914509934,0,Low Risk,474.8,1,1
user_637,Premium,DE,153.7,4,Hip-Hop,6,0,37,0,0.12270839753258742,0,Low Risk,87.82857142857142,1,1
user_638,Premium,CA,89.4,3,Hip-Hop,4,0,13,0,0.04666745818171234,0,Low Risk,53.64000000000001,1,0
user_639,Premium,IN,116.1,6,Country,3,0,12,0,0.03759076008786492,0,Low Risk,174.14999999999998,1,0
user_640,Free,BR,11.8,2,Jazz,4,0,9,1,0.3188645406966348,0,Medium Risk,4.720000000000001,0,0
user_641,Free,DE,21.2,3,Jazz,3,0,2,1,0.25060497498022777,0,Low Risk,15.899999999999999,0,0
user_642,Free,IN,67.9,2,Country,6,0,0,0,0.17958622649024977,0,Low Risk,19.400000000000002,0,0
user_643,Premium,US,96.5,3,Rock,2,1,0,0,0.08892931645000521,0,Low Risk,96.5,1,0
user_644,Free,DE,35.0,5,Hip-Hop,4,0,9,1,0.522005095485948,1,Medium Risk,35.0,0,0
user_645,Free,IN,42.6,2,Pop,6,2,26,0,0.8336383686529462,1,High Risk,12.171428571428573,0,1
user_646,Premium,PK,134.2,2,Rock,5,0,9,0,0.031056495689134232,0,Low Risk,44.73333333333333,1,0
user_647,Premium,UK,146.1,6,Pop,2,0,4,0,0.029403019290345785,0,Low Risk,292.2,1,0
user_648,Free,DE,61.1,2,Country,7,0,7,0,0.24407531336531962,0,Low Risk,15.275,0,0
user_649,Premium,UK,96.4,2,Classical,5,0,15,0,0.03586581131022865,0,Low Risk,32.13333333333333,1,0
user_650,Free,UK,81.6,6,Rock,2,1,2,0,0.4966942043798636,0,Medium Risk,163.2,0,0
user_651,Free,CA,41.8,5,Pop,10,0,27,1,0.6506366753209945,1,High Risk,19.0,0,1
user_652,Free,RU,37.0,1,Jazz,0,1,0,1,0.7331718565921714,1,High Risk,37.0,0,0
user_653,Free,AU,60.8,0,Rock,4,0,26,0,0.40408083126378475,0,Medium Risk,0.0,0,1
user_654,Free,BR,39.3,2,Rock,3,0,5,0,0.38761794847869574,0,Medium Risk,19.65,0,0
user_655,Free,FR,22.3,3,Jazz,4,0,0,0,0.21972895678296417,0,Low Risk,13.38,0,0
user_656,Free,FR,51.6,3,Jazz,1,0,21,1,0.594630454226937,1,Medium Risk,77.4,0,1
user_657,Premium,PK,137.1,6,Rock,4,0,3,0,0.03457757943727261,0,Low Risk,164.51999999999998,1,0
user_658,Premium,AU,101.6,5,Country,0,0,7,0,0.04118610157922218,0,Low Risk,508.0,1,0
user_659,Premium,CA,79.5,2,Classical,6,0,3,0,0.043081015119041575,0,Low Risk,22.714285714285715,1,0
user_660,Free,CA,76.4,0,Classical,0,0,7,0,0.2432537402269822,0,Low Risk,0.0,0,0
user_661,Premium,US,113.1,3,Country,5,2,2,0,0.06414730216086524,0,Low Risk,56.54999999999999,1,0
user_662,Premium,DE,209.6,5,Rock,7,0,18,0,0.017090952824124,0,Low Risk,131.0,1,0
user_663,Free,US,72.6,3,Country,11,2,1,1,0.36108754085200784,0,Medium Risk,18.15,0,0
user_664,Premium,AU,86.1,3,Hip-Hop,6,1,11,0,0.2241546656711697,0,Low Risk,36.89999999999999,1,0
user_665,Free,DE,47.5,1,Classical,7,0,7,0,0.39015972370537283,0,Medium Risk,5.9375,0,0
user_666,Free,RU,87.6,1,Pop,6,0,4,0,0.09935920184666375,0,Low Risk,12.514285714285714,0,0
user_667,Premium,IN,113.5,4,Classical,12,1,2,0,0.10471381400031093,0,Low Risk,34.92307692307692,1,0
user_668,Premium,BR,133.0,4,Classical,3,0,2,0,0.06220969726252366,0,Low Risk,133.0,1,0
user_669,Free,DE,90.6,6,Classical,0,0,7,0,0.21923161325003715,0,Low Risk,543.5999999999999,0,0
user_670,Free,RU,3.6,4,Rock,8,1,1,1,0.6072430093431168,1,High Risk,1.6,0,0
user_671,Free,CA,98.2,2,Pop,5,0,7,0,0.13162463683431652,0,Low Risk,32.733333333333334,0,0
user_672,Premium,UK,147.7,5,Country,2,0,1,0,0.03296819764294389,0,Low Risk,246.16666666666666,1,0
user_673,Free,AU,33.1,1,Classical,2,0,4,1,0.5141852332829286,1,Medium Risk,11.033333333333333,0,0
user_674,Free,IN,79.5,1,Electronic,5,1,7,0,0.5328009356121558,1,Medium Risk,13.25,0,0
user_675,Premium,CA,111.0,4,Rock,12,0,9,0,0.019432412082059432,0,Low Risk,34.15384615384615,1,0
user_676,Premium,RU,86.6,2,Country,7,0,0,0,0.02441639164362326,0,Low Risk,21.65,1,0
user_677,Premium,AU,128.4,8,Hip-Hop,6,0,18,0,0.11269247602361647,0,Low Risk,146.74285714285716,1,0
user_678,Free,US,71.7,0,Electronic,4,1,15,1,0.5586523542247275,1,Medium Risk,0.0,0,0
user_679,Premium,RU,80.4,4,Pop,2,0,4,0,0.03147649639634452,0,Low Risk,107.2,1,0
user_680,Premium,RU,118.1,4,Rock,7,0,7,0,0.015166298616752387,0,Low Risk,59.05,1,0
user_681,Premium,CA,101.8,5,Electronic,8,0,5,0,0.0337728732257187,0,Low Risk,56.55555555555556,1,0
user_682,Free,UK,45.2,0,Country,2,0,4,0,0.32554746682956825,0,Medium Risk,0.0,0,0
user_683,Premium,BR,101.3,4,Pop,3,0,12,0,0.03816326466968945,0,Low Risk,101.3,1,0
user_684,Free,FR,98.2,4,Country,7,0,0,1,0.14049863171369772,0,Low Risk,49.1,0,0
user_685,Free,AU,79.5,0,Rock,4,1,16,1,0.5823932241151889,1,Medium Risk,0.0,0,0
user_686,Free,PK,59.8,2,Jazz,9,0,0,0,0.2142188596359447,0,Low Risk,11.959999999999999,0,0
user_687,Premium,DE,133.7,7,Rock,7,0,16,0,0.06255479841547923,0,Low Risk,116.98749999999998,1,0
user_688,Free,US,83.7,0,Hip-Hop,5,0,11,1,0.12595973755507253,0,Low Risk,0.0,0,0
user_689,Free,AU,102.1,3,Rock,3,0,22,0,0.29218121794475693,0,Low Risk,76.57499999999999,0,1
user_690,Premium,UK,105.6,5,Hip-Hop,5,0,14,0,0.03115092365522603,0,Low Risk,88.0,1,0
user_691,Premium,US,171.0,7,Jazz,5,1,10,1,0.1312040893402465,0,Low Risk,199.5,1,0
user_692,Premium,IN,148.2,4,Pop,1,0,12,0,0.036083410650037354,0,Low Risk,296.4,1,0
user_693,Free,PK,34.6,0,Electronic,1,1,2,1,0.7685886974385058,1,High Risk,0.0,0,0
user_694,Premium,FR,96.5,6,Rock,4,0,7,0,0.03247168318336889,0,Low Risk,115.8,1,0
user_695,Premium,BR,92.8,8,Rock,6,0,15,0,0.05681538202169274,0,Low Risk,106.05714285714285,1,0
user_696,Free,RU,90.9,3,Jazz,1,0,3,1,0.1292729516303681,0,Low Risk,136.35000000000002,0,0
user_697,Free,FR,65.2,3,Pop,1,0,2,1,0.19574895582285542,0,Low Risk,97.80000000000001,0,0
user_698,Premium,BR,93.1,2,Jazz,7,1,9,0,0.15841038193792542,0,Low Risk,23.275,1,0
user_699,Premium,AU,145.4,2,Rock,6,0,14,0,0.03987322253961457,0,Low Risk,41.542857142857144,1,0
user_700,Free,US,78.8,0,Hip-Hop,9,0,5,0,0.09882287221003191,0,Low Risk,0.0,0,0
user_701,Premium,RU,130.5,1,Pop,5,0,3,0,0.02597514580944417,0,Low Risk,21.75,1,0
user_702,Free,CA,52.1,3,Country,4,0,55,0,0.8387190782045049,1,High Risk,31.26,0,1
user_703,Premium,PK,130.1,5,Pop,6,1,0,0,0.16610346851179636,0,Low Risk,92.92857142857143,1,0
user_704,Premium,PK,73.9,7,Electronic,2,1,16,0,0.3329252495319867,0,Medium Risk,172.43333333333337,1,0
user_705,Premium,BR,89.5,4,Hip-Hop,4,0,15,0,0.056266107466406035,0,Low Risk,71.6,1,0
user_706,Premium,PK,116.0,1,Classical,6,1,10,0,0.11649965402889095,0,Low Risk,16.571428571428573,1,0
user_707,Premium,RU,138.7,7,Rock,6,0,8,0,0.03841475710544798,0,Low Risk,138.7,1,0
user_708,Free,IN,92.7,3,Rock,5,1,8,1,0.45742736343920476,0,Medium Risk,46.35,0,0
user_709,Premium,AU,124.3,5,Rock,3,2,12,0,0.22043671876641385,0,Low Risk,155.375,1,0
user_710,Premium,FR,166.9,2,Hip-Hop,3,1,9,0,0.13847868720997794,0,Low Risk,83.45,1,0
user_711,Free,AU,71.0,0,Classical,6,0,8,0,0.23790783088497167,0,Low Risk,0.0,0,0
user_712,Free,BR,86.6,1,Country,3,0,11,0,0.22457259238192093,0,Low Risk,21.65,0,0
user_713,Premium,AU,88.2,7,Pop,10,0,11,0,0.049425923587484794,0,Low Risk,56.127272727272725,1,0
user_714,Premium,UK,120.1,2,Pop,7,0,1,0,0.02746699581771176,0,Low Risk,30.025,1,0
user_715,Free,PK,96.9,5,Hip-Hop,6,1,6,1,0.5017840127608133,1,Medium Risk,69.21428571428571,0,0
user_716,Premium,RU,93.6,6,Classical,6,0,1,0,0.03543135500481431,0,Low Risk,80.22857142857141,1,0
user_717,Premium,RU,166.6,6,Classical,6,0,32,0,0.10307481322090518,0,Low Risk,142.79999999999998,1,1
user_718,Free,CA,73.9,0,Electronic,14,0,5,0,0.13093064656442727,0,Low Risk,0.0,0,0
user_719,Premium,CA,127.2,2,Pop,6,0,8,0,0.04284546091438941,0,Low Risk,36.34285714285714,1,0
user_720,Free,BR,53.9,0,Country,8,0,0,1,0.2968563837467145,0,Low Risk,0.0,0,0
user_721,Premium,IN,117.8,4,Hip-Hop,5,2,21,0,0.16775332479038957,0,Low Risk,78.53333333333333,1,1
user_722,Premium,FR,97.3,5,Electronic,7,0,2,0,0.03097526138778581,0,Low Risk,60.8125,1,0
user_723,Free,DE,78.9,0,Country,7,0,58,0,0.593653417278449,1,Medium Risk,0.0,0,1
user_724,Premium,CA,101.1,5,Country,5,0,6,0,0.04166996809016106,0,Low Risk,84.25,1,0
user_725,Free,PK,44.5,1,Jazz,4,0,0,0,0.2799081069925507,0,Low Risk,8.9,0,0
user_726,Premium,US,97.6,3,Rock,2,0,6,0,0.019658223777998526,0,Low Risk,97.59999999999998,1,0
user_727,Premium,DE,105.3,4,Pop,4,0,36,0,0.09366394355587193,0,Low Risk,84.24,1,1
user_728,Premium,FR,112.8,1,Hip-Hop,3,1,16,0,0.14299308154026258,0,Low Risk,28.2,1,0
user_729,Premium,UK,83.9,2,Electronic,3,0,2,0,0.02763021274693725,0,Low Risk,41.95,1,0
user_730,Premium,IN,109.4,7,Country,1,0,0,0,0.029543274633172315,0,Low Risk,382.90000000000003,1,0
user_731,Free,FR,77.9,0,Electronic,3,1,19,1,0.6389393509576576,1,High Risk,0.0,0,0
user_732,Free,US,32.2,0,Rock,4,1,8,0,0.6979083219260267,1,High Risk,0.0,0,0
user_733,Free,DE,49.2,2,Electronic,5,0,1,1,0.34782197561589323,0,Medium Risk,16.400000000000002,0,0
user_734,Premium,PK,200.8,2,Pop,7,1,6,0,0.05473461906841699,0,Low Risk,50.2,1,0
user_735,Premium,BR,117.6,3,Rock,7,0,0,0,0.01564849293387481,0,Low Risk,44.099999999999994,1,0
user_736,Free,FR,43.5,0,Classical,0,1,12,1,0.8403853729137541,1,High Risk,0.0,0,0
user_737,Premium,FR,175.0,6,Jazz,6,1,3,0,0.11955915003280233,0,Low Risk,150.0,1,0
user_738,Premium,DE,131.1,7,Jazz,5,0,45,0,0.23926407412593056,0,Low Risk,152.95,1,1
user_739,Premium,RU,111.6,6,Pop,4,0,13,0,0.027843194369488424,0,Low Risk,133.92,1,0
user_740,Premium,CA,77.8,0,Classical,0,0,18,0,0.07273210512895065,0,Low Risk,0.0,1,0
user_741,Free,UK,88.5,1,Jazz,0,0,6,0,0.12469157896933221,0,Low Risk,88.5,0,0
user_742,Premium,FR,92.3,4,Hip-Hop,6,0,2,0,0.029641674656723228,0,Low Risk,52.74285714285714,1,0
user_743,Premium,DE,177.1,8,Rock,11,0,2,0,0.020117819666263692,0,Low Risk,118.06666666666666,1,0
user_744,Free,RU,55.2,0,Jazz,7,0,10,0,0.25319189032174194,0,Low Risk,0.0,0,0
user_745,Premium,BR,126.5,2,Hip-Hop,3,0,2,0,0.04869639506066639,0,Low Risk,63.25,1,0
user_746,Free,US,34.9,2,Classical,3,0,3,0,0.3929621843322632,0,Medium Risk,17.45,0,0
user_747,Free,DE,26.9,2,Electronic,8,0,4,0,0.21788323271631185,0,Low Risk,5.977777777777778,0,0
user_748,Premium,CA,104.6,5,Classical,2,0,18,1,0.06290015531922565,0,Low Risk,174.33333333333334,1,0
user_749,Premium,PK,104.1,5,Rock,1,0,2,0,0.020497524534511778,0,Low Risk,260.25,1,0
user_750,Premium,PK,140.4,4,Country,6,1,3,0,0.18572613002874727,0,Low Risk,80.22857142857143,1,0
user_751,Premium,UK,136.0,7,Rock,3,0,6,0,0.03737626813253227,0,Low Risk,238.0,1,0
user_752,Free,CA,73.8,0,Hip-Hop,4,0,6,0,0.18034852873025323,0,Low Risk,0.0,0,0
user_753,Premium,BR,91.9,3,Pop,5,1,6,0,0.16088001507026475,0,Low Risk,45.95000000000001,1,0
user_754,Premium,UK,114.4,8,Jazz,4,1,1,0,0.11532403039958312,0,Low Risk,183.04000000000002,1,0
user_755,Premium,AU,37.6,4,Classical,3,0,17,1,0.2481130003936164,0,Low Risk,37.6,1,0
user_756,Premium,IN,161.7,3,Rock,1,0,7,0,0.022362954730327334,0,Low Risk,242.54999999999998,1,0
user_757,Premium,BR,143.0,5,Rock,6,0,0,0,0.03307107791107576,0,Low Risk,102.14285714285714,1,0
user_758,Premium,BR,237.8,5,Hip-Hop,3,0,5,0,0.010646184146916938,0,Low Risk,297.25,1,0
user_759,Premium,US,111.4,5,Jazz,4,0,2,0,0.018021867564285234,0,Low Risk,111.4,1,0
user_760,Free,IN,47.3,2,Jazz,2,0,3,0,0.3363303688308143,0,Medium Risk,31.53333333333333,0,0
user_761,Free,AU,47.5,0,Electronic,3,0,13,0,0.45599288879826844,0,Medium Risk,0.0,0,0
user_762,Premium,US,157.7,5,Pop,3,0,2,0,0.020710813353045983,0,Low Risk,197.125,1,0
user_763,Premium,CA,140.6,8,Country,4,1,0,1,0.2695942794144926,0,Low Risk,224.95999999999998,1,0
user_764,Premium,DE,140.1,8,Rock,5,0,2,0,0.04278717078226872,0,Low Risk,186.79999999999998,1,0
user_765,Free,AU,54.2,1,Classical,5,0,27,1,0.6737802685170369,1,High Risk,9.033333333333333,0,1
user_766,Premium,FR,127.6,6,Hip-Hop,0,0,11,0,0.050222844485422205,0,Low Risk,765.5999999999999,1,0
user_767,Premium,AU,146.1,4,Electronic,2,2,3,0,0.15783659380307186,0,Low Risk,194.79999999999998,1,0
user_768,Premium,CA,148.7,6,Country,8,0,9,0,0.0541988202671467,0,Low Risk,99.13333333333333,1,0
user_769,Premium,AU,101.9,4,Pop,0,0,4,0,0.027809601141709703,0,Low Risk,407.6,1,0
user_770,Free,US,48.2,1,Classical,1,0,26,1,0.6131488713311737,1,High Risk,24.1,0,1
user_771,Premium,US,129.7,2,Jazz,5,1,2,0,0.13608724257668556,0,Low Risk,43.23333333333333,1,0
user_772,Premium,US,30.3,9,Classical,3,2,13,0,0.5468966182182184,1,Medium Risk,68.175,1,0
user_773,Premium,US,134.0,8,Pop,2,0,5,0,0.03970914178818318,0,Low Risk,357.3333333333333,1,0
user_774,Free,PK,112.4,1,Hip-Hop,6,0,11,1,0.1011935881428979,0,Low Risk,16.057142857142857,0,0
user_775,Premium,US,95.3,3,Hip-Hop,3,0,5,0,0.024069625748569964,0,Low Risk,71.475,1,0
user_776,Premium,RU,88.3,5,Classical,10,0,3,0,0.03248696550016305,0,Low Risk,40.13636363636363,1,0
user_777,Premium,PK,62.6,4,Electronic,0,0,1,0,0.047561769453562545,0,Low Risk,250.4,1,0
user_778,Premium,BR,179.6,5,Rock,1,0,23,0,0.05191184431123618,0,Low Risk,449.0,1,1
user_779,Premium,DE,157.9,3,Hip-Hop,6,0,17,0,0.04109284486144303,0,Low Risk,67.67142857142858,1,0
user_780,Free,BR,66.0,5,Rock,7,0,22,0,0.42297215967697316,0,Medium Risk,41.25,0,1
user_781,Free,US,10.4,0,Electronic,4,0,8,1,0.223600890725144,0,Low Risk,0.0,0,0
user_782,Premium,BR,122.8,2,Rock,4,1,39,0,0.5327936887030744,1,Medium Risk,49.12,1,1
user_783,Free,UK,105.5,3,Hip-Hop,5,0,7,0,0.10961405951353723,0,Low Risk,52.75,0,0
user_784,Premium,FR,113.6,1,Jazz,6,0,27,0,0.04840190844907848,0,Low Risk,16.228571428571428,1,1
user_785,Premium,FR,62.8,3,Hip-Hop,3,1,2,0,0.2234835113448745,0,Low Risk,47.099999999999994,1,0
user_786,Premium,UK,176.6,2,Country,6,0,8,0,0.019375272096609733,0,Low Risk,50.457142857142856,1,0
user_787,Premium,IN,152.5,4,Hip-Hop,4,0,4,0,0.031395238232802436,0,Low Risk,122.0,1,0
user_788,Premium,UK,159.8,7,Hip-Hop,3,1,3,1,0.14413670608406612,0,Low Risk,279.65000000000003,1,0
user_789,Premium,BR,74.4,0,Hip-Hop,3,1,4,0,0.18783696293145424,0,Low Risk,0.0,1,0
user_790,Premium,AU,136.6,5,Electronic,6,1,4,1,0.25849151109953267,0,Low Risk,97.57142857142857,1,0
user_791,Free,US,3.9,1,Country,5,0,7,0,0.2606788444876116,0,Low Risk,0.65,0,0
user_792,Premium,RU,133.5,4,Electronic,3,0,5,0,0.04306858728902659,0,Low Risk,133.5,1,0
user_793,Premium,RU,133.6,3,Pop,5,1,12,0,0.1835264773468098,0,Low Risk,66.8,1,0
user_794,Premium,IN,133.4,4,Jazz,2,1,1,1,0.18108169575582048,0,Low Risk,177.86666666666667,1,0
user_795,Premium,US,138.3,5,Pop,3,0,4,0,0.03018779021232036,0,Low Risk,172.875,1,0
user_796,Premium,PK,126.7,0,Country,8,0,17,0,0.04753508667855414,0,Low Risk,0.0,1,0
user_797,Free,CA,72.8,4,Classical,0,0,1,0,0.24857637426999596,0,Low Risk,291.2,0,0
user_798,Free,DE,38.7,0,Jazz,0,0,11,0,0.43007736086921444,0,Medium Risk,0.0,0,0
user_799,Free,PK,43.3,2,Classical,1,0,1,0,0.40040991811891763,0,Medium Risk,43.3,0,0
user_800,Free,BR,48.1,0,Country,4,0,21,1,0.6135094378384592,1,High Risk,0.0,0,1
user_801,Premium,CA,74.6,5,Rock,10,0,31,0,0.11212787165576524,0,Low Risk,33.90909090909091,1,1
user_802,Premium,PK,120.6,5,Electronic,4,0,27,0,0.15697075061689678,0,Low Risk,120.6,1,1
user_803,Free,BR,66.8,3,Country,1,0,13,1,0.3430818147533656,0,Medium Risk,100.19999999999999,0,0
user_804,Premium,CA,171.1,8,Pop,6,2,5,0,0.10822428698617644,0,Low Risk,195.54285714285714,1,0
user_805,Free,AU,83.3,3,Jazz,5,0,7,0,0.20121066205249097,0,Low Risk,41.65,0,0
user_806,Premium,RU,112.5,4,Classical,8,0,4,0,0.02257756217980623,0,Low Risk,50.0,1,0
user_807,Premium,BR,114.4,5,Hip-Hop,4,0,7,0,0.032566667448616714,0,Low Risk,114.4,1,0
user_808,Free,BR,96.6,3,Hip-Hop,0,0,3,0,0.15630947804170475,0,Low Risk,289.79999999999995,0,0
user_809,Premium,CA,117.2,5,Electronic,2,0,11,0,0.03635767871350768,0,Low Risk,195.33333333333334,1,0
user_810,Premium,US,158.4,7,Hip-Hop,3,0,3,0,0.027716207631989495,0,Low Risk,277.2,1,0
user_811,Premium,PK,169.5,7,Classical,2,0,27,1,0.09534276419661204,0,Low Risk,395.5,1,1
user_812,Premium,BR,130.8,5,Rock,1,1,2,0,0.205402312406632,0,Low Risk,327.0,1,0
user_813,Premium,FR,133.5,1,Classical,1,0,1,0,0.04432354915912045,0,Low Risk,66.75,1,0
user_814,Premium,DE,111.5,7,Jazz,3,1,22,1,0.3263176323679507,0,Medium Risk,195.125,1,1
user_815,Free,AU,54.2,0,Pop,8,1,1,0,0.6611627014159963,1,High Risk,0.0,0,0
user_816,Premium,BR,169.7,4,Jazz,3,0,20,0,0.044341441496891364,0,Low Risk,169.7,1,0
user_817,Free,BR,55.8,3,Pop,0,0,0,1,0.33338864551178615,0,Medium Risk,167.39999999999998,0,0
user_818,Premium,RU,159.5,4,Jazz,5,1,15,0,0.1584851924843084,0,Low Risk,106.33333333333333,1,0
user_819,Premium,RU,117.3,4,Rock,0,0,36,1,0.05214982686702301,0,Low Risk,469.2,1,1
user_820,Free,RU,104.8,0,Classical,6,1,12,0,0.44877415081970073,0,Medium Risk,0.0,0,0
user_821,Free,RU,74.2,1,Electronic,7,0,0,0,0.12645639703421788,0,Low Risk,9.275,0,0
user_822,Premium,FR,56.2,7,Jazz,4,1,16,1,0.5062422473154888,1,Medium Risk,78.68,1,0
user_823,Premium,PK,98.8,3,Hip-Hop,4,1,4,0,0.1287816804478094,0,Low Risk,59.279999999999994,1,0
user_824,Free,PK,33.1,3,Electronic,2,0,0,1,0.412051604133789,0,Medium Risk,33.1,0,0
user_825,Premium,CA,32.8,4,Electronic,1,0,7,0,0.17782684521389025,0,Low Risk,65.6,1,0
user_826,Premium,IN,71.1,5,Classical,1,0,16,0,0.08654606174184938,0,Low Risk,177.75,1,0
user_827,Premium,CA,101.8,5,Classical,3,0,4,0,0.04372981499280635,0,Low Risk,127.25,1,0
user_828,Premium,AU,99.2,8,Electronic,2,0,0,0,0.048327877573633646,0,Low Risk,264.53333333333336,1,0
user_829,Free,AU,57.1,1,Country,2,0,10,1,0.4453108951961235,0,Medium Risk,19.033333333333335,0,0
user_830,Free,US,78.2,3,Electronic,4,0,22,1,0.3284670974453181,0,Medium Risk,46.92,0,1
user_831,Premium,FR,89.9,3,Electronic,0,0,11,0,0.041847643698159805,0,Low Risk,269.70000000000005,1,0
user_832,Premium,FR,105.0,6,Rock,7,0,17,1,0.034889382147515656,0,Low Risk,78.75,1,0
user_833,Premium,UK,86.9,4,Classical,2,1,11,0,0.22063933625572363,0,Low Risk,115.86666666666667,1,0
user_834,Premium,PK,159.9,4,Jazz,4,0,49,0,0.13181542202893395,0,Low Risk,127.92,1,1
user_835,Premium,FR,146.8,8,Electronic,3,0,6,0,0.054408005171764647,0,Low Risk,293.6,1,0
user_836,Free,CA,81.4,0,Classical,10,0,5,0,0.1551140988788753,0,Low Risk,0.0,0,0
user_837,Free,BR,81.4,0,Country,3,0,27,0,0.419357111215884,0,Medium Risk,0.0,0,1
user_838,Premium,CA,133.1,6,Country,6,0,8,0,0.07094254402077528,0,Low Risk,114.08571428571427,1,0
user_839,Free,DE,31.4,0,Hip-Hop,2,0,20,0,0.524069429411783,1,Medium Risk,0.0,0,0
user_840,Free,IN,84.9,1,Electronic,7,0,11,0,0.1596675436831212,0,Low Risk,10.6125,0,0
user_841,Premium,PK,170.0,8,Hip-Hop,7,0,5,0,0.029368812676573795,0,Low Risk,170.0,1,0
user_842,Free,CA,113.5,3,Jazz,2,0,2,1,0.11429725408055012,0,Low Risk,113.5,0,0
user_843,Free,CA,28.5,3,Classical,9,0,2,0,0.2483208252816564,0,Low Risk,8.55,0,0
user_844,Premium,FR,140.9,7,Jazz,5,0,0,0,0.04039507547139379,0,Low Risk,164.38333333333335,1,0
user_845,Free,CA,34.6,4,Classical,7,0,4,1,0.501816865028812,1,Medium Risk,17.3,0,0
user_846,Free,PK,58.8,1,Rock,4,0,0,0,0.21078949881111472,0,Low Risk,11.76,0,0
user_847,Free,DE,27.9,5,Rock,1,0,3,1,0.25338768817987545,0,Low Risk,69.75,0,0
user_848,Free,RU,65.7,2,Classical,5,0,0,0,0.18566796968048668,0,Low Risk,21.900000000000002,0,0
user_849,Premium,US,125.5,6,Pop,5,0,0,0,0.03438886729907577,0,Low Risk,125.5,1,0
user_850,Premium,RU,206.1,5,Classical,2,0,4,0,0.015353335385408265,0,Low Risk,343.5,1,0
user_851,Premium,AU,114.8,6,Country,6,1,3,0,0.17612985043594354,0,Low Risk,98.39999999999999,1,0
user_852,Premium,FR,98.0,8,Pop,5,1,23,0,0.36798474202268416,0,Medium Risk,130.66666666666666,1,1
user_853,Free,PK,79.2,4,Jazz,6,0,3,0,0.15386257769750666,0,Low Risk,45.25714285714286,0,0
user_854,Premium,CA,124.4,6,Classical,1,0,10,0,0.09062149704650933,0,Low Risk,373.20000000000005,1,0
user_855,Premium,PK,112.9,5,Classical,2,0,10,0,0.03551091367464489,0,Low Risk,188.16666666666666,1,0
user_856,Premium,DE,155.2,1,Country,7,0,1,0,0.025439774465186256,0,Low Risk,19.4,1,0
user_857,Free,AU,66.9,3,Electronic,4,1,13,1,0.7309016053452478,1,High Risk,40.14,0,0
user_858,Premium,US,93.8,4,Jazz,5,0,0,0,0.020194150075836116,0,Low Risk,62.53333333333333,1,0
user_859,Free,IN,32.5,4,Country,8,0,31,1,0.7334567833567635,1,High Risk,14.444444444444445,0,1
user_860,Premium,FR,124.0,6,Jazz,13,0,0,0,0.03752002324999066,0,Low Risk,53.142857142857146,1,0
user_861,Premium,US,55.4,6,Jazz,0,0,2,0,0.07274710736019756,0,Low Risk,332.4,1,0
user_862,Premium,RU,165.1,4,Pop,3,0,1,0,0.018562533821922567,0,Low Risk,165.1,1,0
user_863,Premium,UK,162.6,0,Hip-Hop,8,1,3,1,0.07607589519023844,0,Low Risk,0.0,1,0
user_864,Premium,FR,130.1,3,Classical,0,0,11,0,0.060497685725835346,0,Low Risk,390.29999999999995,1,0
user_865,Premium,AU,85.4,7,Country,6,0,1,0,0.05858261124955405,0,Low Risk,85.4,1,0
user_866,Premium,IN,91.9,8,Electronic,7,0,12,0,0.05536703608270017,0,Low Risk,91.9,1,0
user_867,Premium,IN,136.0,5,Hip-Hop,10,0,9,0,0.042263083763123856,0,Low Risk,61.81818181818182,1,0
user_868,Premium,CA,120.0,4,Pop,0,0,9,0,0.020725036958588423,0,Low Risk,480.0,1,0
user_869,Free,US,49.2,2,Classical,4,0,8,0,0.36533563251095774,0,Medium Risk,19.68,0,0
user_870,Premium,FR,90.5,3,Rock,5,0,0,0,0.022029909083268368,0,Low Risk,45.25,1,0
user_871,Free,AU,65.9,0,Electronic,0,1,10,1,0.6959684406098179,1,High Risk,0.0,0,0
user_872,Free,RU,67.7,5,Country,4,0,2,1,0.22764012162977215,0,Low Risk,67.7,0,0
user_873,Premium,RU,147.4,1,Country,9,0,4,0,0.023490861904059693,0,Low Risk,14.74,1,0
user_874,Premium,PK,137.2,3,Jazz,11,0,2,0,0.024194791814962206,0,Low Risk,34.3,1,0
user_875,Premium,FR,135.1,8,Pop,7,0,0,0,0.04266066675311151,0,Low Risk,135.1,1,0
user_876,Premium,CA,112.7,4,Rock,4,0,14,0,0.029133900434589147,0,Low Risk,90.16,1,0
user_877,Free,UK,29.2,4,Rock,2,0,14,0,0.24013118500235622,0,Low Risk,38.93333333333333,0,0
user_878,Premium,FR,168.9,0,Electronic,1,0,27,0,0.06893451154809646,0,Low Risk,0.0,1,1
user_879,Free,CA,44.4,1,Jazz,6,0,4,1,0.3343631593913145,0,Medium Risk,6.3428571428571425,0,0
user_880,Premium,AU,122.3,4,Hip-Hop,3,1,7,1,0.30899930424597655,0,Medium Risk,122.3,1,0
user_881,Premium,BR,133.7,3,Jazz,1,0,1,0,0.042256095596924524,0,Low Risk,200.54999999999998,1,0
user_882,Premium,UK,69.4,4,Rock,7,0,4,0,0.028446284496198484,0,Low Risk,34.7,1,0
user_883,Free,IN,38.7,5,Classical,3,0,16,0,0.5955448292030568,1,Medium Risk,48.375,0,0
user_884,Premium,UK,125.3,5,Pop,6,1,30,0,0.42440023474008176,0,Medium Risk,89.5,1,1
user_885,Premium,RU,117.7,2,Jazz,9,0,5,0,0.01295766467370007,0,Low Risk,23.54,1,0
user_886,Free,FR,114.2,0,Classical,3,1,4,0,0.4234022328584965,0,Medium Risk,0.0,0,0
user_887,Premium,IN,135.2,3,Hip-Hop,11,0,20,0,0.04782859843868943,0,Low Risk,33.8,1,0
user_888,Premium,FR,155.7,1,Rock,7,0,16,0,0.02605590446994022,0,Low Risk,19.4625,1,0
user_889,Free,PK,35.5,2,Pop,7,0,5,0,0.3203412943568566,0,Medium Risk,8.875,0,0
user_890,Premium,RU,124.2,3,Electronic,3,0,1,0,0.041431277212721065,0,Low Risk,93.15,1,0
user_891,Premium,IN,179.2,2,Classical,6,1,17,0,0.15307595861464765,0,Low Risk,51.199999999999996,1,0
user_892,Premium,BR,164.7,4,Hip-Hop,2,0,9,0,0.03727988134308199,0,Low Risk,219.6,1,0
user_893,Free,FR,74.7,3,Hip-Hop,5,0,1,0,0.17315560942452385,0,Low Risk,37.35,0,0
user_894,Premium,CA,117.0,6,Jazz,2,0,0,0,0.02439314461815097,0,Low Risk,234.0,1,0
user_895,Free,CA,73.1,0,Pop,7,0,11,0,0.16452013446141556,0,Low Risk,0.0,0,0
user_896,Premium,FR,123.8,7,Classical,4,0,30,1,0.2260756754906908,0,Low Risk,173.32,1,1
user_897,Premium,CA,99.8,4,Classical,10,0,4,0,0.03320226017957903,0,Low Risk,36.29090909090909,1,0
user_898,Premium,AU,95.0,5,Rock,3,0,23,0,0.09096783804616176,0,Low Risk,118.75,1,1
user_899,Premium,BR,81.2,3,Country,3,0,17,0,0.0738612549416811,0,Low Risk,60.900000000000006,1,0
user_900,Premium,IN,117.7,5,Jazz,8,0,4,0,0.0188710044531515,0,Low Risk,65.38888888888889,1,0
user_901,Premium,DE,127.6,7,Rock,6,0,15,0,0.06861587034393737,0,Low Risk,127.6,1,0
user_902,Premium,UK,153.0,1,Electronic,10,0,31,0,0.060785470847279914,0,Low Risk,13.909090909090908,1,1
user_903,Premium,BR,188.2,6,Electronic,6,0,8,0,0.0293249140624477,0,Low Risk,161.3142857142857,1,0
user_904,Free,AU,21.7,4,Pop,6,0,7,1,0.2915456399591441,0,Low Risk,12.4,0,0
user_905,Premium,IN,140.9,2,Electronic,4,0,1,0,0.032066512521187786,0,Low Risk,56.36,1,0
user_906,Free,IN,35.9,0,Hip-Hop,3,1,4,1,0.7570387917088255,1,High Risk,0.0,0,0
user_907,Premium,RU,116.2,3,Electronic,0,0,4,0,0.018253235195259787,0,Low Risk,348.6,1,0
user_908,Premium,FR,181.6,4,Pop,5,0,7,0,0.019235273411168926,0,Low Risk,121.06666666666666,1,0
user_909,Premium,BR,170.9,8,Rock,5,0,32,0,0.10142695771775684,0,Low Risk,227.86666666666667,1,1
user_910,Free,RU,90.7,6,Country,6,0,0,0,0.1627264494282177,0,Low Risk,77.74285714285715,0,0
user_911,Premium,IN,106.4,4,Electronic,4,0,1,0,0.024993604392053607,0,Low Risk,85.12,1,0
user_912,Premium,UK,117.6,1,Rock,5,0,4,0,0.011086776905205067,0,Low Risk,19.599999999999998,1,0
user_913,Free,PK,89.3,0,Country,8,1,5,0,0.4309354930072,0,Medium Risk,0.0,0,0
user_914,Premium,RU,161.6,0,Pop,4,0,0,0,0.014143636199910372,0,Low Risk,0.0,1,0
user_915,Premium,PK,89.7,3,Classical,9,0,3,0,0.029106017974753578,0,Low Risk,26.910000000000004,1,0
user_916,Premium,RU,139.9,2,Classical,3,1,1,0,0.17158861993995392,0,Low Risk,69.95,1,0
user_917,Premium,AU,134.9,3,Classical,6,0,6,0,0.061202706021259115,0,Low Risk,57.814285714285724,1,0
user_918,Premium,AU,178.1,3,Rock,1,1,15,0,0.14210352204154988,0,Low Risk,267.15,1,0
user_919,Premium,CA,121.4,5,Classical,3,1,5,0,0.3400632310989781,0,Medium Risk,151.75,1,0
user_920,Premium,RU,78.8,3,Pop,8,0,13,0,0.03191451171545714,0,Low Risk,26.266666666666666,1,0
user_921,Premium,UK,171.4,1,Hip-Hop,6,0,20,0,0.02405400034374928,0,Low Risk,24.485714285714288,1,0
user_922,Free,US,74.3,2,Electronic,3,0,1,1,0.14586634911839433,0,Low Risk,37.15,0,0
user_923,Premium,PK,158.4,0,Pop,6,0,56,0,0.10940484018301597,0,Low Risk,0.0,1,1
user_924,Premium,AU,45.2,5,Hip-Hop,2,0,5,0,0.15389951690861353,0,Low Risk,75.33333333333333,1,0
user_925,Premium,FR,102.5,2,Country,4,0,5,0,0.028893078728803687,0,Low Risk,41.0,1,0
user_926,Premium,AU,182.0,7,Country,0,0,8,0,0.02086080755143249,0,Low Risk,1274.0,1,0
user_927,Premium,IN,116.9,2,Hip-Hop,11,0,2,0,0.013245749029710995,0,Low Risk,19.483333333333334,1,0
user_928,Premium,RU,167.8,7,Hip-Hop,3,0,8,0,0.03047451805587635,0,Low Risk,293.65000000000003,1,0
user_929,Free,UK,86.4,0,Electronic,9,0,13,0,0.12351189731346808,0,Low Risk,0.0,0,0
user_930,Premium,UK,129.4,4,Rock,12,0,1,0,0.02172251917831625,0,Low Risk,39.815384615384616,1,0
user_931,Premium,RU,104.1,1,Electronic,6,0,3,0,0.018028471217676416,0,Low Risk,14.87142857142857,1,0
user_932,Free,US,135.3,1,Country,4,0,3,1,0.14775237915187203,0,Low Risk,27.060000000000002,0,0
user_933,Premium,AU,139.2,5,Pop,4,0,0,0,0.04169973260206742,0,Low Risk,139.2,1,0
user_934,Free,US,21.0,3,Electronic,11,0,5,0,0.1817850454251545,0,Low Risk,5.25,0,0
user_935,Premium,PK,148.8,5,Hip-Hop,5,0,22,0,0.08350419596533773,0,Low Risk,124.0,1,1
user_936,Premium,IN,152.2,7,Electronic,6,0,5,0,0.04179829133708907,0,Low Risk,152.2,1,0
user_937,Premium,PK,129.6,5,Hip-Hop,1,0,3,0,0.04329455461719603,0,Low Risk,324.0,1,0
user_938,Premium,DE,128.6,3,Classical,2,0,3,0,0.05872102343029224,0,Low Risk,128.6,1,0
user_939,Free,US,123.7,4,Rock,10,0,0,0,0.11924297599113563,0,Low Risk,44.981818181818184,0,0
user_940,Free,AU,23.3,0,Jazz,5,0,3,0,0.2133526972366886,0,Low Risk,0.0,0,0
user_941,Premium,UK,157.2,4,Pop,8,0,26,0,0.05508987998263011,0,Low Risk,69.86666666666666,1,1
user_942,Premium,RU,138.1,4,Hip-Hop,7,0,8,0,0.03658845630249483,0,Low Risk,69.05,1,0
user_943,Free,DE,97.8,4,Jazz,2,1,21,1,0.7274143534730284,1,High Risk,130.4,0,1
user_944,Free,AU,90.2,1,Classical,6,0,2,1,0.17359133233824153,0,Low Risk,12.885714285714286,0,0
user_945,Free,UK,121.5,2,Country,7,0,14,0,0.23559288294250036,0,Low Risk,30.375,0,0
user_946,Premium,RU,96.3,3,Hip-Hop,0,0,2,0,0.02283555851501346,0,Low Risk,288.9,1,0
user_947,Premium,DE,121.0,5,Country,4,0,15,0,0.09588656588825115,0,Low Risk,121.0,1,0
user_948,Premium,RU,131.9,6,Country,8,0,33,1,0.15462253483888483,0,Low Risk,87.93333333333334,1,1
user_949,Free,DE,30.4,1,Electronic,8,0,8,0,0.4171589274418496,0,Medium Risk,3.3777777777777778,0,0
user_950,Premium,CA,146.8,5,Classical,0,0,3,0,0.038096607843852465,0,Low Risk,734.0,1,0
user_951,Free,FR,116.9,0,Pop,2,0,5,0,0.08359474132939838,0,Low Risk,0.0,0,0
user_952,Free,PK,82.9,0,Rock,3,0,15,0,0.14444289707627517,0,Low Risk,0.0,0,0
user_953,Premium,FR,112.9,6,Rock,6,1,18,0,0.16238875399911593,0,Low Risk,96.77142857142859,1,0
user_954,Premium,BR,128.0,1,Electronic,1,0,0,0,0.04749866671451656,0,Low Risk,64.0,1,0
user_955,Premium,DE,90.3,4,Rock,2,0,16,0,0.04362191202026928,0,Low Risk,120.39999999999999,1,0
user_956,Premium,IN,86.6,4,Country,7,0,19,0,0.05609037369214398,0,Low Risk,43.3,1,0
user_957,Premium,BR,132.2,6,Classical,6,0,29,0,0.20342078741596117,0,Low Risk,113.3142857142857,1,1
user_958,Premium,BR,95.2,2,Hip-Hop,8,0,6,0,0.029105829760758567,0,Low Risk,21.155555555555555,1,0
user_959,Premium,RU,124.8,9,Country,3,0,16,1,0.10127594652024809,0,Low Risk,280.8,1,0
user_960,Premium,PK,98.2,4,Hip-Hop,6,0,10,0,0.03079650148584609,0,Low Risk,56.114285714285714,1,0
user_961,Free,PK,81.9,3,Country,4,0,19,0,0.2576424745238657,0,Low Risk,49.14,0,0
user_962,Free,CA,70.2,2,Jazz,2,1,13,0,0.6618102382853598,1,High Risk,46.800000000000004,0,0
user_963,Premium,UK,85.7,6,Electronic,4,0,0,0,0.0340218006644251,0,Low Risk,102.84,1,0
user_964,Free,DE,62.2,1,Jazz,10,0,18,1,0.22225323102324002,0,Low Risk,5.654545454545455,0,0
user_965,Premium,FR,86.4,4,Rock,5,0,2,0,0.027147951077239,0,Low Risk,57.6,1,0
user_966,Premium,RU,156.9,5,Hip-Hop,10,0,9,0,0.027504862732478125,0,Low Risk,71.31818181818181,1,0
user_967,Free,CA,98.3,1,Hip-Hop,6,1,1,1,0.42509608829700624,0,Medium Risk,14.042857142857143,0,0
user_968,Free,IN,85.2,2,Classical,7,0,11,0,0.1934739625932852,0,Low Risk,21.3,0,0
user_969,Premium,DE,146.2,4,Classical,3,0,5,0,0.04980422792371034,0,Low Risk,146.2,1,0
user_970,Free,IN,70.0,2,Jazz,5,1,9,1,0.5707436728857068,1,Medium Risk,23.333333333333332,0,0
user_971,Premium,PK,92.5,3,Classical,4,0,14,0,0.046048058929315766,0,Low Risk,55.5,1,0
user_972,Free,PK,69.2,0,Country,4,0,0,0,0.155584398011432,0,Low Risk,0.0,0,0
user_973,Premium,US,132.7,5,Rock,0,1,4,0,0.1201642603123967,0,Low Risk,663.5,1,0
user_974,Premium,BR,80.5,0,Electronic,7,0,21,0,0.07886646416194992,0,Low Risk,0.0,1,1
user_975,Premium,FR,217.3,9,Hip-Hop,4,0,10,0,0.019032641407096495,0,Low Risk,391.14,1,0
user_976,Premium,RU,116.8,1,Rock,10,0,5,0,0.009982506419435698,0,Low Risk,10.618181818181817,1,0
user_977,Premium,FR,101.3,6,Hip-Hop,6,0,5,0,0.033268500623555596,0,Low Risk,86.82857142857142,1,0
user_978,Premium,BR,152.1,1,Pop,4,0,13,0,0.03546677598283506,0,Low Risk,30.419999999999998,1,0
user_979,Premium,IN,59.4,5,Country,7,0,4,0,0.09461489998096441,0,Low Risk,37.125,1,0
user_980,Free,RU,56.3,0,Classical,3,0,0,0,0.2810838529861373,0,Low Risk,0.0,0,0
user_981,Free,CA,38.6,3,Rock,5,0,5,0,0.38110284079111467,0,Medium Risk,19.3,0,0
user_982,Premium,RU,125.0,5,Electronic,1,0,4,0,0.04911998978748356,0,Low Risk,312.5,1,0
user_983,Premium,CA,162.9,2,Electronic,3,0,0,0,0.02655699582128386,0,Low Risk,81.45,1,0
user_984,Premium,IN,129.9,4,Country,3,0,16,0,0.07406918507003737,0,Low Risk,129.9,1,0
user_985,Premium,UK,99.2,1,Rock,5,0,19,1,0.023133065374419105,0,Low Risk,16.533333333333335,1,0
user_986,Free,BR,121.3,1,Classical,9,0,44,0,0.609884775369608,1,High Risk,12.129999999999999,0,1
user_987,Premium,UK,129.7,4,Pop,2,0,7,0,0.03745727352425768,0,Low Risk,172.9333333333333,1,0
user_988,Premium,AU,144.7,5,Hip-Hop,3,0,4,0,0.049978383269642185,0,Low Risk,180.875,1,0
user_989,Premium,IN,139.9,3,Rock,8,0,0,0,0.022352641705879157,0,Low Risk,46.63333333333334,1,0
user_990,Free,CA,45.1,0,Country,2,1,2,0,0.7828050589722966,1,High Risk,0.0,0,0
user_991,Premium,PK,66.9,5,Hip-Hop,0,0,20,1,0.07360268739200775,0,Low Risk,334.5,1,0
user_992,Premium,PK,83.1,4,Rock,7,0,4,0,0.025463930915878993,0,Low Risk,41.55,1,0
user_993,Premium,RU,115.5,4,Jazz,1,0,1,0,0.016994840784724404,0,Low Risk,231.0,1,0
user_994,Free,CA,24.8,1,Jazz,5,0,10,0,0.24453478775667237,0,Low Risk,4.133333333333334,0,0
user_995,Premium,CA,125.4,7,Jazz,6,0,1,0,0.05758384067075721,0,Low Risk,125.4,1,0
user_996,Free,IN,47.6,5,Hip-Hop,5,0,27,1,0.6703237449687307,1,High Risk,39.666666666666664,0,1
user_997,Premium,BR,115.1,5,Country,2,0,4,0,0.03468429418631581,0,Low Risk,191.83333333333334,1,0
user_998,Premium,FR,89.5,6,Classical,0,0,1,0,0.038950578418745795,0,Low Risk,537.0,1,0
user_999,Free,AU,33.2,3,Classical,5,0,15,1,0.612191779398033,1,High Risk,16.6,0,0
user_1000,Premium,AU,60.9,6,Country,8,0,1,0,0.07330707113696819,0,Low Risk,40.599999999999994,1,0
